﻿tc_num,name_cn,date,latTC,lonTC,name_en,vmax,grade,mslp,attr
2421,康妮,202410250000,13.3,145.3,KONG-REY,18,热带风暴,998,analysis
2421,康妮,202410250300,14.0,144.6,KONG-REY,18,热带风暴,998,analysis
2421,康妮,202410250600,14.7,143.4,KONG-REY,18,热带风暴,998,analysis
2421,康妮,202410250900,15.1,142.5,KONG-REY,18,热带风暴,998,analysis
2421,康妮,202410251200,15.3,141.7,KONG-REY,18,热带风暴,998,analysis
2421,康妮,202410251500,15.5,140.8,KONG-REY,18,热带风暴,998,analysis
2421,康妮,202410251800,16.4,139.6,KONG-REY,18,热带风暴,998,analysis
2421,康妮,202410252100,17.2,138.6,KONG-REY,18,热带风暴,998,analysis
2421,康妮,202410260000,17.0,137.7,KONG-REY,18,热带风暴,998,analysis
2421,康妮,202410260300,16.7,137.1,KONG-REY,18,热带风暴,998,analysis
2421,康妮,202410261500,16.6,134.8,KONG-REY,18,热带风暴,998,forecast
2421,康妮,202410270300,16.8,133.3,KONG-REY,20,热带风暴,995,forecast
2421,康妮,202410271500,16.7,131.3,KONG-REY,23,热带风暴,990,forecast
2421,康妮,202410280300,16.8,130.0,KONG-REY,25,强热带风暴,985,forecast
2421,康妮,202410281500,17.5,128.7,KONG-REY,28,强热带风暴,982,forecast
2421,康妮,202410290300,18.5,127.4,KONG-REY,33,台风,975,forecast
2421,康妮,202410300300,20.5,126.3,KONG-REY,38,台风,965,forecast
2421,康妮,202410310300,22.2,125.4,KONG-REY,42,强台风,955,forecast
2420,潭美,202410210900,13.1,129.6,TRAMI,15,热带低压,1000,analysis
2420,潭美,202410211200,13.2,129.3,TRAMI,15,热带低压,1000,analysis
2420,潭美,202410211500,13.4,128.7,TRAMI,15,热带低压,1000,analysis
2420,潭美,202410211800,13.5,128.1,TRAMI,18,热带风暴,998,analysis
2420,潭美,202410212100,13.6,127.6,TRAMI,18,热带风暴,998,analysis
2420,潭美,202410220000,13.9,127.5,TRAMI,18,热带风暴,998,analysis
2420,潭美,202410220300,14.1,127.0,TRAMI,18,热带风暴,998,analysis
2420,潭美,202410220600,14.3,126.5,TRAMI,18,热带风暴,998,analysis
2420,潭美,202410220900,14.5,126.1,TRAMI,18,热带风暴,998,analysis
2420,潭美,202410221200,14.6,125.9,TRAMI,18,热带风暴,998,analysis
2420,潭美,202410221500,14.9,125.6,TRAMI,18,热带风暴,998,analysis
2420,潭美,202410221800,15.0,125.4,TRAMI,18,热带风暴,998,analysis
2420,潭美,202410222100,15.3,124.6,TRAMI,23,热带风暴,990,analysis
2420,潭美,202410230000,15.7,124.4,TRAMI,23,热带风暴,990,analysis
2420,潭美,202410230300,15.8,124.3,TRAMI,23,热带风暴,990,analysis
2420,潭美,202410230600,16.0,123.7,TRAMI,23,热带风暴,990,analysis
2420,潭美,202410230900,16.6,123.2,TRAMI,25,强热带风暴,985,analysis
2420,潭美,202410231200,16.8,123.0,TRAMI,25,强热带风暴,985,analysis
2420,潭美,202410231500,17.1,122.7,TRAMI,25,强热带风暴,985,analysis
2420,潭美,202410231800,17.3,122.3,TRAMI,25,强热带风暴,985,analysis
2420,潭美,202410232100,17.3,121.6,TRAMI,25,强热带风暴,985,analysis
2420,潭美,202410240000,17.2,121.2,TRAMI,23,热带风暴,990,analysis
2420,潭美,202410240300,17.0,120.9,TRAMI,23,热带风暴,990,analysis
2420,潭美,202410240600,17.0,120.4,TRAMI,23,热带风暴,990,analysis
2420,潭美,202410240900,17.0,120.2,TRAMI,23,热带风暴,990,analysis
2420,潭美,202410241200,16.9,120.0,TRAMI,23,热带风暴,990,analysis
2420,潭美,202410241500,16.9,119.8,TRAMI,23,热带风暴,990,analysis
2420,潭美,202410241800,16.9,119.5,TRAMI,23,热带风暴,990,analysis
2420,潭美,202410242100,17.0,119.2,TRAMI,23,热带风暴,990,analysis
2420,潭美,202410250000,17.2,118.8,TRAMI,25,强热带风暴,985,analysis
2420,潭美,202410250100,17.3,118.6,TRAMI,25,强热带风暴,985,analysis
2420,潭美,202410250200,17.4,118.4,TRAMI,25,强热带风暴,985,analysis
2420,潭美,202410250300,17.6,118.0,TRAMI,25,强热带风暴,985,analysis
2420,潭美,202410250400,17.6,117.9,TRAMI,25,强热带风暴,985,analysis
2420,潭美,202410250500,17.6,117.6,TRAMI,25,强热带风暴,985,analysis
2420,潭美,202410250600,17.6,117.3,TRAMI,28,强热带风暴,982,analysis
2420,潭美,202410250700,17.6,116.9,TRAMI,28,强热带风暴,982,analysis
2420,潭美,202410250800,17.6,116.8,TRAMI,28,强热带风暴,982,analysis
2420,潭美,202410250900,17.6,116.5,TRAMI,28,强热带风暴,982,analysis
2420,潭美,202410251000,17.6,116.4,TRAMI,28,强热带风暴,982,analysis
2420,潭美,202410251100,17.6,116.2,TRAMI,28,强热带风暴,982,analysis
2420,潭美,202410251200,17.6,115.9,TRAMI,28,强热带风暴,982,analysis
2420,潭美,202410251300,17.5,115.8,TRAMI,28,强热带风暴,982,analysis
2420,潭美,202410251400,17.5,115.6,TRAMI,28,强热带风暴,982,analysis
2420,潭美,202410251500,17.5,115.4,TRAMI,28,强热带风暴,982,analysis
2420,潭美,202410251600,17.5,115.2,TRAMI,28,强热带风暴,982,analysis
2420,潭美,202410251700,17.5,115.0,TRAMI,28,强热带风暴,982,analysis
2420,潭美,202410251800,17.5,114.8,TRAMI,30,强热带风暴,980,analysis
2420,潭美,202410251900,17.5,114.6,TRAMI,30,强热带风暴,980,analysis
2420,潭美,202410252000,17.5,114.4,TRAMI,30,强热带风暴,980,analysis
2420,潭美,202410252100,17.4,114.1,TRAMI,30,强热带风暴,980,analysis
2420,潭美,202410252200,17.4,113.9,TRAMI,30,强热带风暴,980,analysis
2420,潭美,202410252300,17.4,113.6,TRAMI,30,强热带风暴,980,analysis
2420,潭美,202410260000,17.2,113.3,TRAMI,30,强热带风暴,980,analysis
2420,潭美,202410260100,17.1,113.2,TRAMI,30,强热带风暴,980,analysis
2420,潭美,202410260200,17.1,113.0,TRAMI,30,强热带风暴,980,analysis
2420,潭美,202410260300,17.1,112.7,TRAMI,33,台风,975,analysis
2420,潭美,202410260400,17.0,112.5,TRAMI,33,台风,975,analysis
2420,潭美,202410260500,16.9,112.2,TRAMI,33,台风,972,analysis
2420,潭美,202410261100,17.1,111.3667,TRAMI,35,台风,970,forecast
2420,潭美,202410261700,17.0667,110.1333,TRAMI,35,台风,975,forecast
2420,潭美,202410262300,16.9,109.1,TRAMI,33,台风,980,forecast
2420,潭美,202410270500,16.6333,108.45,TRAMI,28,强热带风暴,982,forecast
2420,潭美,202410271700,16.2667,108.2333,TRAMI,23,热带风暴,990,forecast
2420,潭美,202410280500,16.0833,108.45,TRAMI,20,热带风暴,998,forecast
2420,潭美,202410281700,16.0,108.7667,TRAMI,18,热带风暴,998,forecast
2420,潭美,202410290500,16.0,109.1667,TRAMI,18,热带风暴,998,forecast
2420,潭美,202410300500,15.9917,109.9833,TRAMI,18,热带风暴,998,forecast
2420,潭美,202410310500,15.8917,110.9833,TRAMI,15,热带低压,998,forecast
2419,百里嘉,202410090600,27.5,149.5,BARIJAT,18,热带风暴,998,analysis
2419,百里嘉,202410090900,28.3,149.3,BARIJAT,18,热带风暴,998,analysis
2419,百里嘉,202410091200,29.7,149.3,BARIJAT,18,热带风暴,998,analysis
2419,百里嘉,202410091500,30.4,149.2,BARIJAT,18,热带风暴,998,analysis
2419,百里嘉,202410091800,31.2,149.3,BARIJAT,18,热带风暴,998,analysis
2419,百里嘉,202410092100,31.8,149.7,BARIJAT,18,热带风暴,998,analysis
2419,百里嘉,202410100000,32.4,150.1,BARIJAT,18,热带风暴,998,analysis
2419,百里嘉,202410100300,33.1,150.5,BARIJAT,18,热带风暴,998,analysis
2419,百里嘉,202410100600,34.2,151.0,BARIJAT,18,热带风暴,998,analysis
2419,百里嘉,202410100900,35.2,151.4,BARIJAT,18,热带风暴,998,analysis
2419,百里嘉,202410101200,36.3,152.2,BARIJAT,18,热带风暴,998,analysis
2419,百里嘉,202410110000,41.4,153.2,BARIJAT,18,热带风暴,998,forecast
2419,百里嘉,202410111200,46.1,153.6,BARIJAT,20,热带风暴,995,forecast
2418,山陀儿,202409262100,21.3,126.7,KRATHON,15,热带低压,1002,analysis
2418,山陀儿,202409270000,21.1,126.7,KRATHON,15,热带低压,1002,analysis
2418,山陀儿,202409270300,21.1,126.7,KRATHON,15,热带低压,1002,analysis
2418,山陀儿,202409270600,20.8,126.5,KRATHON,15,热带低压,1002,analysis
2418,山陀儿,202409270900,20.5,126.4,KRATHON,15,热带低压,1002,analysis
2418,山陀儿,202409271200,20.2,126.3,KRATHON,15,热带低压,1002,analysis
2418,山陀儿,202409271500,19.7,126.1,KRATHON,15,热带低压,1002,analysis
2418,山陀儿,202409271800,19.3,125.9,KRATHON,15,热带低压,1002,analysis
2418,山陀儿,202409272100,19.1,125.8,KRATHON,15,热带低压,1002,analysis
2418,山陀儿,202409280000,18.6,125.4,KRATHON,18,热带风暴,1000,analysis
2418,山陀儿,202409280300,18.8,125.8,KRATHON,18,热带风暴,1000,analysis
2418,山陀儿,202409280600,18.7,125.4,KRATHON,20,热带风暴,995,analysis
2418,山陀儿,202409280900,18.7,125.2,KRATHON,20,热带风暴,995,analysis
2418,山陀儿,202409281200,18.7,125.2,KRATHON,23,热带风暴,990,analysis
2418,山陀儿,202409281500,18.5,125.0,KRATHON,23,热带风暴,990,analysis
2418,山陀儿,202409281800,18.6,124.7,KRATHON,25,强热带风暴,985,analysis
2418,山陀儿,202409282100,18.7,124.3,KRATHON,25,强热带风暴,985,analysis
2418,山陀儿,202409290000,18.7,124.3,KRATHON,28,强热带风暴,982,analysis
2418,山陀儿,202409290300,19.0,124.2,KRATHON,33,台风,975,analysis
2418,山陀儿,202409290600,19.4,123.9,KRATHON,33,台风,975,analysis
2418,山陀儿,202409290900,19.5,123.5,KRATHON,38,台风,965,analysis
2418,山陀儿,202409291200,19.8,123.1,KRATHON,42,强台风,955,analysis
2418,山陀儿,202409291500,19.8,122.7,KRATHON,48,强台风,945,analysis
2418,山陀儿,202409291700,19.8,122.5,KRATHON,48,强台风,945,analysis
2418,山陀儿,202409291800,19.9,122.4,KRATHON,52,超强台风,935,analysis
2418,山陀儿,202409291900,19.9,122.4,KRATHON,52,超强台风,935,analysis
2418,山陀儿,202409292000,19.9,122.3,KRATHON,52,超强台风,935,analysis
2418,山陀儿,202409292100,19.9,122.3,KRATHON,52,超强台风,935,analysis
2418,山陀儿,202409292200,19.9,122.2,KRATHON,52,超强台风,935,analysis
2418,山陀儿,202409292300,20.0,122.2,KRATHON,52,超强台风,935,analysis
2418,山陀儿,202409300000,20.0,122.1,KRATHON,52,超强台风,935,analysis
2418,山陀儿,202409300100,20.1,122.0,KRATHON,52,超强台风,935,analysis
2418,山陀儿,202409300200,20.1,121.9,KRATHON,52,超强台风,935,analysis
2418,山陀儿,202409300300,20.2,121.7,KRATHON,52,超强台风,935,analysis
2418,山陀儿,202409300400,20.3,121.6,KRATHON,52,超强台风,935,analysis
2418,山陀儿,202409300500,20.4,121.4,KRATHON,52,超强台风,935,analysis
2418,山陀儿,202409300600,20.4,121.3,KRATHON,55,超强台风,930,analysis
2418,山陀儿,202409300700,20.5,121.1,KRATHON,55,超强台风,930,analysis
2418,山陀儿,202409300800,20.5,121.0,KRATHON,55,超强台风,930,analysis
2418,山陀儿,202409300900,20.5,120.9,KRATHON,55,超强台风,930,analysis
2418,山陀儿,202409301000,20.5,120.7,KRATHON,55,超强台风,930,analysis
2418,山陀儿,202409301100,20.5,120.7,KRATHON,55,超强台风,930,analysis
2418,山陀儿,202409301200,20.5,120.6,KRATHON,55,超强台风,930,analysis
2418,山陀儿,202409301300,20.5,120.5,KRATHON,55,超强台风,930,analysis
2418,山陀儿,202409301400,20.5,120.4,KRATHON,55,超强台风,930,analysis
2418,山陀儿,202409301500,20.5,120.3,KRATHON,58,超强台风,925,analysis
2418,山陀儿,202409301600,20.6,120.2,KRATHON,58,超强台风,925,analysis
2418,山陀儿,202409301700,20.6,120.1,KRATHON,58,超强台风,925,analysis
2418,山陀儿,202409301800,20.6,120.0,KRATHON,60,超强台风,920,analysis
2418,山陀儿,202409301900,20.6,120.0,KRATHON,60,超强台风,920,analysis
2418,山陀儿,202409302000,20.6,119.9,KRATHON,60,超强台风,920,analysis
2418,山陀儿,202409302100,20.6,119.8,KRATHON,60,超强台风,920,analysis
2418,山陀儿,202409302200,20.6,119.8,KRATHON,60,超强台风,920,analysis
2418,山陀儿,202409302300,20.6,119.7,KRATHON,60,超强台风,920,analysis
2418,山陀儿,202410010000,20.7,119.6,KRATHON,60,超强台风,920,analysis
2418,山陀儿,202410010100,20.7,119.6,KRATHON,60,超强台风,920,analysis
2418,山陀儿,202410010200,20.7,119.6,KRATHON,60,超强台风,920,analysis
2418,山陀儿,202410010300,20.7,119.5,KRATHON,60,超强台风,920,analysis
2418,山陀儿,202410010400,20.7,119.5,KRATHON,60,超强台风,920,analysis
2418,山陀儿,202410010500,20.8,119.5,KRATHON,60,超强台风,920,analysis
2418,山陀儿,202410010600,20.9,119.5,KRATHON,60,超强台风,920,analysis
2418,山陀儿,202410010700,20.9,119.5,KRATHON,60,超强台风,920,analysis
2418,山陀儿,202410010800,21.0,119.5,KRATHON,60,超强台风,920,analysis
2418,山陀儿,202410010900,21.0,119.5,KRATHON,55,超强台风,930,analysis
2418,山陀儿,202410011000,21.1,119.5,KRATHON,55,超强台风,930,analysis
2418,山陀儿,202410011100,21.2,119.5,KRATHON,55,超强台风,930,analysis
2418,山陀儿,202410011200,21.3,119.4,KRATHON,52,超强台风,935,analysis
2418,山陀儿,202410011300,21.3,119.4,KRATHON,52,超强台风,935,analysis
2418,山陀儿,202410011400,21.3,119.4,KRATHON,52,超强台风,935,analysis
2418,山陀儿,202410011500,21.4,119.3,KRATHON,50,强台风,940,analysis
2418,山陀儿,202410011600,21.4,119.3,KRATHON,50,强台风,940,analysis
2418,山陀儿,202410011700,21.5,119.2,KRATHON,50,强台风,940,analysis
2418,山陀儿,202410011800,21.5,119.2,KRATHON,50,强台风,940,analysis
2418,山陀儿,202410011900,21.5,119.2,KRATHON,50,强台风,940,analysis
2418,山陀儿,202410012000,21.5,119.2,KRATHON,48,强台风,945,analysis
2418,山陀儿,202410012100,21.5,119.2,KRATHON,48,强台风,945,analysis
2418,山陀儿,202410012200,21.5,119.2,KRATHON,48,强台风,945,analysis
2418,山陀儿,202410012300,21.6,119.3,KRATHON,48,强台风,945,analysis
2418,山陀儿,202410020000,21.6,119.3,KRATHON,48,强台风,945,analysis
2418,山陀儿,202410020100,21.7,119.4,KRATHON,48,强台风,945,analysis
2418,山陀儿,202410020200,21.7,119.4,KRATHON,48,强台风,945,analysis
2418,山陀儿,202410020300,21.8,119.4,KRATHON,48,强台风,945,analysis
2418,山陀儿,202410020400,21.8,119.4,KRATHON,48,强台风,945,analysis
2418,山陀儿,202410020500,21.8,119.4,KRATHON,48,强台风,945,analysis
2418,山陀儿,202410020600,21.9,119.4,KRATHON,48,强台风,945,analysis
2418,山陀儿,202410020700,21.9,119.4,KRATHON,48,强台风,945,analysis
2418,山陀儿,202410020800,21.9,119.4,KRATHON,48,强台风,945,analysis
2418,山陀儿,202410020900,22.0,119.5,KRATHON,45,强台风,950,analysis
2418,山陀儿,202410021000,22.0,119.5,KRATHON,45,强台风,950,analysis
2418,山陀儿,202410021100,22.0,119.5,KRATHON,45,强台风,950,analysis
2418,山陀儿,202410021200,22.0,119.5,KRATHON,45,强台风,950,analysis
2418,山陀儿,202410021300,22.1,119.5,KRATHON,45,强台风,950,analysis
2418,山陀儿,202410021400,22.1,119.5,KRATHON,45,强台风,950,analysis
2418,山陀儿,202410021500,22.1,119.6,KRATHON,45,强台风,950,analysis
2418,山陀儿,202410021600,22.1,119.6,KRATHON,45,强台风,950,analysis
2418,山陀儿,202410021700,22.2,119.6,KRATHON,45,强台风,950,analysis
2418,山陀儿,202410021800,22.2,119.7,KRATHON,42,强台风,955,analysis
2418,山陀儿,202410021900,22.2,119.8,KRATHON,42,强台风,955,analysis
2418,山陀儿,202410022000,22.2,119.9,KRATHON,42,强台风,955,analysis
2418,山陀儿,202410022100,22.2,119.9,KRATHON,40,台风,960,analysis
2418,山陀儿,202410022200,22.2,120.0,KRATHON,40,台风,960,analysis
2418,山陀儿,202410022300,22.2,120.0,KRATHON,40,台风,960,analysis
2418,山陀儿,202410030000,22.3,120.0,KRATHON,40,台风,960,analysis
2418,山陀儿,202410030100,22.3,120.1,KRATHON,38,台风,965,analysis
2418,山陀儿,202410030200,22.4,120.1,KRATHON,38,台风,965,analysis
2418,山陀儿,202410030300,22.4,120.2,KRATHON,38,台风,965,analysis
2418,山陀儿,202410030400,22.4,120.3,KRATHON,38,台风,965,analysis
2418,山陀儿,202410030500,22.5,120.4,KRATHON,38,台风,965,analysis
2418,山陀儿,202410030600,22.6,120.4,KRATHON,38,台风,965,analysis
2418,山陀儿,202410030700,22.6,120.4,KRATHON,38,台风,965,analysis
2418,山陀儿,202410030800,22.7,120.5,KRATHON,35,台风,970,analysis
2418,山陀儿,202410030900,22.7,120.5,KRATHON,33,台风,975,analysis
2418,山陀儿,202410031000,22.7,120.5,KRATHON,33,台风,975,analysis
2418,山陀儿,202410031100,22.7,120.5,KRATHON,33,台风,975,analysis
2418,山陀儿,202410031200,22.7,120.5,KRATHON,30,强热带风暴,980,analysis
2418,山陀儿,202410031300,22.6,120.5,KRATHON,30,强热带风暴,980,analysis
2418,山陀儿,202410031400,22.6,120.6,KRATHON,25,强热带风暴,985,analysis
2418,山陀儿,202410031500,22.6,120.6,KRATHON,23,热带风暴,990,analysis
2418,山陀儿,202410031600,22.7,120.6,KRATHON,20,热带风暴,995,analysis
2418,山陀儿,202410031700,22.7,120.6,KRATHON,18,热带风暴,998,analysis
2418,山陀儿,202410031800,22.7,120.6,KRATHON,15,热带低压,1000,analysis
2417,飞燕,202409270600,18.2,145.0,JEBI,18,热带风暴,998,analysis
2417,飞燕,202409270900,18.3,144.9,JEBI,18,热带风暴,998,analysis
2417,飞燕,202409271200,18.4,144.8,JEBI,18,热带风暴,998,analysis
2417,飞燕,202409271500,18.5,144.7,JEBI,18,热带风暴,998,analysis
2417,飞燕,202409271800,18.7,144.5,JEBI,18,热带风暴,998,analysis
2417,飞燕,202409272100,19.0,144.3,JEBI,20,热带风暴,995,analysis
2417,飞燕,202409280000,19.8,143.5,JEBI,18,热带风暴,998,analysis
2417,飞燕,202409280300,20.3,143.1,JEBI,18,热带风暴,998,analysis
2417,飞燕,202409280600,20.6,142.7,JEBI,18,热带风暴,998,analysis
2417,飞燕,202409280900,20.9,142.3,JEBI,18,热带风暴,998,analysis
2417,飞燕,202409281200,21.6,142.0,JEBI,18,热带风暴,998,analysis
2417,飞燕,202409281500,21.8,141.7,JEBI,18,热带风暴,998,analysis
2417,飞燕,202409281800,22.2,141.5,JEBI,18,热带风暴,998,analysis
2417,飞燕,202409282100,22.2,141.5,JEBI,18,热带风暴,998,analysis
2417,飞燕,202409290000,22.6,141.2,JEBI,18,热带风暴,998,analysis
2417,飞燕,202409290300,23.2,141.2,JEBI,18,热带风暴,998,analysis
2417,飞燕,202409290600,24.0,141.4,JEBI,18,热带风暴,998,analysis
2417,飞燕,202409290900,24.5,141.4,JEBI,20,热带风暴,995,analysis
2417,飞燕,202409291200,24.6,141.4,JEBI,20,热带风暴,995,analysis
2417,飞燕,202409291500,24.7,141.1,JEBI,20,热带风暴,995,analysis
2417,飞燕,202409291800,25.0,141.0,JEBI,20,热带风暴,995,analysis
2417,飞燕,202409292100,25.5,140.9,JEBI,20,热带风暴,995,analysis
2417,飞燕,202409300000,25.9,140.5,JEBI,20,热带风暴,995,analysis
2417,飞燕,202409300300,26.3,140.5,JEBI,20,热带风暴,995,analysis
2417,飞燕,202409300600,27.6,140.6,JEBI,23,热带风暴,990,analysis
2417,飞燕,202409300900,28.4,140.7,JEBI,23,热带风暴,990,analysis
2417,飞燕,202409301200,29.0,140.8,JEBI,23,热带风暴,990,analysis
2417,飞燕,202409301500,29.7,141.0,JEBI,23,热带风暴,990,analysis
2417,飞燕,202409301800,30.4,141.3,JEBI,23,热带风暴,990,analysis
2417,飞燕,202409302100,31.6,141.4,JEBI,25,强热带风暴,985,analysis
2417,飞燕,202410010000,32.6,141.4,JEBI,25,强热带风暴,985,analysis
2417,飞燕,202410010300,33.7,141.7,JEBI,25,强热带风暴,985,analysis
2417,飞燕,202410010600,34.6,142.2,JEBI,25,强热带风暴,985,analysis
2417,飞燕,202410010900,35.4,142.7,JEBI,25,强热带风暴,985,analysis
2417,飞燕,202410011200,36.8,143.8,JEBI,25,强热带风暴,985,analysis
2417,飞燕,202410011500,38.0,144.4,JEBI,25,强热带风暴,985,analysis
2417,飞燕,202410020300,42.9,149.9,JEBI,23,热带风暴,985,forecast
2416,西马仑,202409250600,28.1,133.9,CIMARON,18,热带风暴,1002,analysis
2416,西马仑,202409250900,28.1,133.5,CIMARON,18,热带风暴,1002,analysis
2416,西马仑,202409251200,28.1,133.3,CIMARON,18,热带风暴,1002,analysis
2416,西马仑,202409251500,28.0,133.1,CIMARON,18,热带风暴,1002,analysis
2416,西马仑,202409251800,28.0,132.9,CIMARON,18,热带风暴,1002,analysis
2416,西马仑,202409252100,28.0,132.7,CIMARON,18,热带风暴,1002,analysis
2416,西马仑,202409260000,28.3,132.4,CIMARON,18,热带风暴,1002,analysis
2416,西马仑,202409260300,28.3,132.2,CIMARON,16,热带低压,1003,analysis
2415,苏力,202409170900,17.4,117.1,SOULIK,15,热带低压,1002,analysis
2415,苏力,202409171200,16.9,115.8,SOULIK,15,热带低压,1002,analysis
2415,苏力,202409171500,16.7,115.1,SOULIK,15,热带低压,1002,analysis
2415,苏力,202409171800,16.6,114.1,SOULIK,15,热带低压,1002,analysis
2415,苏力,202409172100,16.5,113.7,SOULIK,15,热带低压,1002,analysis
2415,苏力,202409180000,16.5,112.7,SOULIK,15,热带低压,1002,analysis
2415,苏力,202409180300,16.5,112.6,SOULIK,15,热带低压,1002,analysis
2415,苏力,202409180600,17.0,112.1,SOULIK,15,热带低压,1002,analysis
2415,苏力,202409180900,17.1,111.7,SOULIK,15,热带低压,1002,analysis
2415,苏力,202409181200,17.5,111.3,SOULIK,15,热带低压,1002,analysis
2415,苏力,202409181500,17.5,110.5,SOULIK,15,热带低压,1002,analysis
2415,苏力,202409181800,17.6,109.8,SOULIK,15,热带低压,1002,analysis
2415,苏力,202409182100,17.6,109.1,SOULIK,15,热带低压,1002,analysis
2415,苏力,202409190000,17.6,108.3,SOULIK,18,热带风暴,998,analysis
2415,苏力,202409190200,17.5,107.9,SOULIK,18,热带风暴,998,analysis
2415,苏力,202409190300,17.3,107.6,SOULIK,18,热带风暴,998,analysis
2415,苏力,202409190400,17.0,107.3,SOULIK,18,热带风暴,998,analysis
2415,苏力,202409190500,17.0,107.3,SOULIK,18,热带风暴,998,analysis
2415,苏力,202409190600,16.7,107.0,SOULIK,18,热带风暴,998,analysis
2415,苏力,202409190900,16.5,106.8,SOULIK,15,热带低压,1002,analysis
2415,苏力,202409191500,16.4,106.4,SOULIK,12,热带低压,1004,forecast
2414,普拉桑,202409151200,13.5,143.9,PULASAN,18,热带风暴,1002,analysis
2414,普拉桑,202409151500,13.9,143.6,PULASAN,18,热带风暴,1002,analysis
2414,普拉桑,202409151800,13.9,143.6,PULASAN,18,热带风暴,1002,analysis
2414,普拉桑,202409152100,14.5,143.6,PULASAN,18,热带风暴,998,analysis
2414,普拉桑,202409160000,15.4,143.3,PULASAN,18,热带风暴,998,analysis
2414,普拉桑,202409160300,16.0,142.9,PULASAN,18,热带风暴,998,analysis
2414,普拉桑,202409160600,16.4,142.6,PULASAN,18,热带风暴,998,analysis
2414,普拉桑,202409160900,16.5,142.4,PULASAN,18,热带风暴,998,analysis
2414,普拉桑,202409161200,16.8,142.0,PULASAN,18,热带风暴,998,analysis
2414,普拉桑,202409161500,16.9,141.7,PULASAN,18,热带风暴,998,analysis
2414,普拉桑,202409161800,17.2,141.3,PULASAN,18,热带风暴,998,analysis
2414,普拉桑,202409162100,17.4,140.8,PULASAN,18,热带风暴,998,analysis
2414,普拉桑,202409170000,18.2,140.0,PULASAN,18,热带风暴,998,analysis
2414,普拉桑,202409170300,20.8,138.5,PULASAN,18,热带风暴,998,analysis
2414,普拉桑,202409170600,22.1,137.0,PULASAN,18,热带风暴,998,analysis
2414,普拉桑,202409170900,22.1,135.5,PULASAN,18,热带风暴,998,analysis
2414,普拉桑,202409171200,22.1,134.9,PULASAN,18,热带风暴,998,analysis
2414,普拉桑,202409171500,22.2,133.7,PULASAN,23,热带风暴,990,analysis
2414,普拉桑,202409171800,22.2,133.0,PULASAN,23,热带风暴,990,analysis
2414,普拉桑,202409172100,22.8,132.6,PULASAN,23,热带风暴,990,analysis
2414,普拉桑,202409180000,23.2,132.3,PULASAN,23,热带风暴,990,analysis
2414,普拉桑,202409180300,23.6,131.1,PULASAN,23,热带风暴,990,analysis
2414,普拉桑,202409180600,24.3,130.2,PULASAN,23,热带风暴,990,analysis
2414,普拉桑,202409180900,25.7,129.2,PULASAN,23,热带风暴,990,analysis
2414,普拉桑,202409181200,26.0,128.9,PULASAN,23,热带风暴,990,analysis
2414,普拉桑,202409181500,26.6,127.2,PULASAN,23,热带风暴,990,analysis
2414,普拉桑,202409181800,27.2,126.2,PULASAN,23,热带风暴,990,analysis
2414,普拉桑,202409181900,27.4,125.8,PULASAN,23,热带风暴,990,analysis
2414,普拉桑,202409182000,27.4,125.8,PULASAN,23,热带风暴,990,analysis
2414,普拉桑,202409182100,27.4,125.8,PULASAN,23,热带风暴,990,analysis
2414,普拉桑,202409182200,27.4,125.8,PULASAN,23,热带风暴,990,analysis
2414,普拉桑,202409182300,27.4,125.8,PULASAN,23,热带风暴,990,analysis
2414,普拉桑,202409190000,28.0,125.7,PULASAN,25,强热带风暴,985,analysis
2414,普拉桑,202409190100,28.4,125.4,PULASAN,25,强热带风暴,985,analysis
2414,普拉桑,202409190200,28.8,125.1,PULASAN,25,强热带风暴,985,analysis
2414,普拉桑,202409190300,29.1,124.8,PULASAN,25,强热带风暴,985,analysis
2414,普拉桑,202409190400,29.2,124.6,PULASAN,25,强热带风暴,985,analysis
2414,普拉桑,202409190500,29.2,124.5,PULASAN,25,强热带风暴,985,analysis
2414,普拉桑,202409190600,29.4,124.3,PULASAN,25,强热带风暴,985,analysis
2414,普拉桑,202409190700,29.5,124.2,PULASAN,25,强热带风暴,985,analysis
2414,普拉桑,202409190800,29.8,123.5,PULASAN,25,强热带风暴,985,analysis
2414,普拉桑,202409190900,30.0,123.1,PULASAN,25,强热带风暴,985,analysis
2414,普拉桑,202409191000,30.2,122.6,PULASAN,25,强热带风暴,985,analysis
2414,普拉桑,202409191100,30.3,122.2,PULASAN,25,强热带风暴,990,analysis
2414,普拉桑,202409191200,30.4,122.0,PULASAN,25,强热带风暴,990,analysis
2414,普拉桑,202409191300,30.7,121.8,PULASAN,25,强热带风暴,990,analysis
2414,普拉桑,202409191400,31.0,121.7,PULASAN,23,热带风暴,995,analysis
2414,普拉桑,202409191500,31.1,121.6,PULASAN,23,热带风暴,995,analysis
2414,普拉桑,202409191600,31.2,121.4,PULASAN,23,热带风暴,995,analysis
2414,普拉桑,202409191700,31.4,121.2,PULASAN,23,热带风暴,995,analysis
2414,普拉桑,202409191800,31.5,120.9,PULASAN,20,热带风暴,998,analysis
2414,普拉桑,202409191900,31.6,120.7,PULASAN,20,热带风暴,998,analysis
2414,普拉桑,202409192000,31.8,120.4,PULASAN,20,热带风暴,998,analysis
2414,普拉桑,202409192100,31.9,120.3,PULASAN,18,热带风暴,1000,analysis
2414,普拉桑,202409192200,31.9,120.2,PULASAN,18,热带风暴,1000,analysis
2414,普拉桑,202409192300,31.9,120.0,PULASAN,18,热带风暴,1000,analysis
2414,普拉桑,202409200000,31.9,120.0,PULASAN,15,热带低压,1000,analysis
2414,普拉桑,202409200300,32.1,120.0,PULASAN,15,热带低压,1000,analysis
2414,普拉桑,202409200600,32.5,120.4,PULASAN,15,热带低压,1000,analysis
2414,普拉桑,202409200900,32.7,120.6,PULASAN,15,热带低压,1000,analysis
2414,普拉桑,202409201200,33.0,121.1,PULASAN,15,热带低压,1000,analysis
2414,普拉桑,202409201500,33.0,121.7,PULASAN,15,热带低压,998,analysis
2414,普拉桑,202409201800,33.3,122.8,PULASAN,18,热带风暴,998,analysis
2414,普拉桑,202409201900,33.4,123.0,PULASAN,18,热带风暴,998,analysis
2414,普拉桑,202409202000,33.5,123.2,PULASAN,18,热带风暴,998,analysis
2414,普拉桑,202409202100,33.7,123.5,PULASAN,23,热带风暴,990,analysis
2414,普拉桑,202409202200,33.8,123.7,PULASAN,23,热带风暴,990,analysis
2414,普拉桑,202409202300,33.9,123.7,PULASAN,23,热带风暴,990,analysis
2414,普拉桑,202409210000,34.2,123.8,PULASAN,20,热带风暴,995,analysis
2414,普拉桑,202409210100,34.3,124.2,PULASAN,20,热带风暴,995,analysis
2414,普拉桑,202409210200,34.4,124.5,PULASAN,20,热带风暴,995,analysis
2414,普拉桑,202409210300,34.5,124.7,PULASAN,20,热带风暴,995,analysis
2414,普拉桑,202409210400,34.6,125.0,PULASAN,20,热带风暴,995,analysis
2414,普拉桑,202409210500,34.8,125.6,PULASAN,20,热带风暴,995,analysis
2414,普拉桑,202409210600,34.9,126.0,PULASAN,18,热带风暴,1000,analysis
2414,普拉桑,202409210900,35.1,126.9,PULASAN,18,热带风暴,1000,analysis
2413,贝碧嘉,202409101200,12.4,145.4,BEBINCA,18,热带风暴,998,analysis
2413,贝碧嘉,202409101500,12.9,144.9,BEBINCA,18,热带风暴,998,analysis
2413,贝碧嘉,202409101800,13.3,144.5,BEBINCA,18,热带风暴,998,analysis
2413,贝碧嘉,202409102100,13.4,143.9,BEBINCA,23,热带风暴,990,analysis
2413,贝碧嘉,202409110000,13.6,143.3,BEBINCA,23,热带风暴,990,analysis
2413,贝碧嘉,202409110300,14.0,143.2,BEBINCA,25,强热带风暴,985,analysis
2413,贝碧嘉,202409110600,14.7,142.5,BEBINCA,25,强热带风暴,985,analysis
2413,贝碧嘉,202409110900,15.0,141.8,BEBINCA,25,强热带风暴,985,analysis
2413,贝碧嘉,202409111200,15.1,141.6,BEBINCA,25,强热带风暴,985,analysis
2413,贝碧嘉,202409111500,15.2,141.4,BEBINCA,28,强热带风暴,982,analysis
2413,贝碧嘉,202409111800,16.0,140.8,BEBINCA,28,强热带风暴,982,analysis
2413,贝碧嘉,202409112100,17.1,140.4,BEBINCA,28,强热带风暴,982,analysis
2413,贝碧嘉,202409120000,17.3,140.0,BEBINCA,28,强热带风暴,982,analysis
2413,贝碧嘉,202409120300,18.1,139.9,BEBINCA,28,强热带风暴,982,analysis
2413,贝碧嘉,202409120600,19.1,139.8,BEBINCA,30,强热带风暴,980,analysis
2413,贝碧嘉,202409120900,20.1,139.5,BEBINCA,30,强热带风暴,980,analysis
2413,贝碧嘉,202409121200,20.4,138.9,BEBINCA,30,强热带风暴,980,analysis
2413,贝碧嘉,202409121500,20.7,138.4,BEBINCA,30,强热带风暴,980,analysis
2413,贝碧嘉,202409121800,21.0,137.6,BEBINCA,30,强热带风暴,980,analysis
2413,贝碧嘉,202409122100,21.1,137.3,BEBINCA,30,强热带风暴,980,analysis
2413,贝碧嘉,202409130000,21.7,137.1,BEBINCA,28,强热带风暴,982,analysis
2413,贝碧嘉,202409130300,22.5,136.3,BEBINCA,28,强热带风暴,982,analysis
2413,贝碧嘉,202409130600,23.6,135.6,BEBINCA,28,强热带风暴,982,analysis
2413,贝碧嘉,202409130900,24.3,135.0,BEBINCA,28,强热带风暴,982,analysis
2413,贝碧嘉,202409131200,24.9,133.8,BEBINCA,28,强热带风暴,982,analysis
2413,贝碧嘉,202409131500,25.2,133.2,BEBINCA,28,强热带风暴,982,analysis
2413,贝碧嘉,202409131800,25.3,132.7,BEBINCA,28,强热带风暴,982,analysis
2413,贝碧嘉,202409132100,25.7,132.2,BEBINCA,28,强热带风暴,982,analysis
2413,贝碧嘉,202409140000,26.2,131.5,BEBINCA,28,强热带风暴,982,analysis
2413,贝碧嘉,202409140300,26.7,131.0,BEBINCA,28,强热带风暴,982,analysis
2413,贝碧嘉,202409140600,27.3,130.3,BEBINCA,30,强热带风暴,980,analysis
2413,贝碧嘉,202409140900,27.9,129.6,BEBINCA,30,强热带风暴,980,analysis
2413,贝碧嘉,202409141200,28.2,129.3,BEBINCA,30,强热带风暴,980,analysis
2413,贝碧嘉,202409141500,28.5,128.6,BEBINCA,33,台风,975,analysis
2413,贝碧嘉,202409141800,28.8,128.0,BEBINCA,33,台风,975,analysis
2413,贝碧嘉,202409142100,29.1,127.5,BEBINCA,33,台风,975,analysis
2413,贝碧嘉,202409150000,29.6,127.1,BEBINCA,35,台风,970,analysis
2413,贝碧嘉,202409150200,29.7,126.9,BEBINCA,35,台风,970,analysis
2413,贝碧嘉,202409150300,29.8,126.7,BEBINCA,38,台风,965,analysis
2413,贝碧嘉,202409150400,29.9,126.5,BEBINCA,40,台风,960,analysis
2413,贝碧嘉,202409150500,30.1,126.4,BEBINCA,40,台风,960,analysis
2413,贝碧嘉,202409150600,30.1,126.2,BEBINCA,40,台风,960,analysis
2413,贝碧嘉,202409150700,30.2,126.0,BEBINCA,40,台风,960,analysis
2413,贝碧嘉,202409150800,30.2,125.8,BEBINCA,40,台风,960,analysis
2413,贝碧嘉,202409150900,30.2,125.8,BEBINCA,40,台风,960,analysis
2413,贝碧嘉,202409151000,30.3,125.5,BEBINCA,40,台风,960,analysis
2413,贝碧嘉,202409151100,30.3,125.1,BEBINCA,40,台风,960,analysis
2413,贝碧嘉,202409151200,30.3,124.8,BEBINCA,40,台风,960,analysis
2413,贝碧嘉,202409151300,30.3,124.6,BEBINCA,40,台风,960,analysis
2413,贝碧嘉,202409151400,30.3,124.4,BEBINCA,40,台风,960,analysis
2413,贝碧嘉,202409151500,30.3,124.2,BEBINCA,40,台风,960,analysis
2413,贝碧嘉,202409151600,30.4,123.9,BEBINCA,40,台风,960,analysis
2413,贝碧嘉,202409151700,30.5,123.6,BEBINCA,42,强台风,955,analysis
2413,贝碧嘉,202409151800,30.5,123.2,BEBINCA,42,强台风,955,analysis
2413,贝碧嘉,202409151900,30.6,123.0,BEBINCA,42,强台风,955,analysis
2413,贝碧嘉,202409152000,30.6,122.8,BEBINCA,42,强台风,955,analysis
2413,贝碧嘉,202409152100,30.7,122.5,BEBINCA,45,强台风,955,analysis
2413,贝碧嘉,202409152200,30.7,122.3,BEBINCA,45,强台风,955,analysis
2413,贝碧嘉,202409152300,30.8,122.1,BEBINCA,45,强台风,955,analysis
2413,贝碧嘉,202409160000,30.9,121.8,BEBINCA,42,强台风,955,analysis
2413,贝碧嘉,202409160100,31.0,121.6,BEBINCA,40,台风,965,analysis
2413,贝碧嘉,202409160200,31.1,121.4,BEBINCA,38,台风,975,analysis
2413,贝碧嘉,202409160300,31.2,121.1,BEBINCA,38,台风,975,analysis
2413,贝碧嘉,202409160400,31.3,120.9,BEBINCA,38,台风,975,analysis
2413,贝碧嘉,202409160500,31.4,120.7,BEBINCA,35,台风,975,analysis
2413,贝碧嘉,202409160600,31.5,120.5,BEBINCA,33,台风,975,analysis
2413,贝碧嘉,202409160700,31.5,120.2,BEBINCA,30,强热带风暴,978,analysis
2413,贝碧嘉,202409160800,31.5,120.1,BEBINCA,30,强热带风暴,978,analysis
2413,贝碧嘉,202409160900,31.5,119.9,BEBINCA,30,强热带风暴,978,analysis
2413,贝碧嘉,202409161000,31.6,119.8,BEBINCA,28,强热带风暴,980,analysis
2413,贝碧嘉,202409161100,31.7,119.6,BEBINCA,28,强热带风暴,980,analysis
2413,贝碧嘉,202409161200,31.8,119.4,BEBINCA,28,强热带风暴,980,analysis
2413,贝碧嘉,202409161300,31.8,119.1,BEBINCA,28,强热带风暴,980,analysis
2413,贝碧嘉,202409161400,31.9,118.9,BEBINCA,28,强热带风暴,980,analysis
2413,贝碧嘉,202409161500,31.9,118.8,BEBINCA,25,强热带风暴,985,analysis
2413,贝碧嘉,202409161600,32.0,118.5,BEBINCA,25,强热带风暴,985,analysis
2413,贝碧嘉,202409161700,32.1,118.3,BEBINCA,25,强热带风暴,985,analysis
2413,贝碧嘉,202409161800,32.2,118.1,BEBINCA,23,热带风暴,990,analysis
2413,贝碧嘉,202409161900,32.2,118.0,BEBINCA,20,热带风暴,990,analysis
2413,贝碧嘉,202409162000,32.3,117.8,BEBINCA,20,热带风暴,990,analysis
2413,贝碧嘉,202409162100,32.4,117.6,BEBINCA,18,热带风暴,998,analysis
2413,贝碧嘉,202409162200,32.5,117.3,BEBINCA,18,热带风暴,998,analysis
2413,贝碧嘉,202409162300,32.5,117.2,BEBINCA,18,热带风暴,998,analysis
2413,贝碧嘉,202409170000,32.6,117.0,BEBINCA,18,热带风暴,998,analysis
2413,贝碧嘉,202409170100,32.6,116.9,BEBINCA,18,热带风暴,998,analysis
2413,贝碧嘉,202409170200,32.7,116.8,BEBINCA,18,热带风暴,998,analysis
2413,贝碧嘉,202409170300,32.8,116.7,BEBINCA,18,热带风暴,998,analysis
2413,贝碧嘉,202409170400,32.9,116.6,BEBINCA,18,热带风暴,998,analysis
2413,贝碧嘉,202409170500,33.0,116.5,BEBINCA,18,热带风暴,998,analysis
2413,贝碧嘉,202409170600,33.0,116.3,BEBINCA,18,热带风暴,998,analysis
2413,贝碧嘉,202409170700,33.0,116.2,BEBINCA,18,热带风暴,998,analysis
2413,贝碧嘉,202409170800,33.1,116.1,BEBINCA,18,热带风暴,998,analysis
2413,贝碧嘉,202409170900,33.1,116.1,BEBINCA,15,热带低压,1000,analysis
2413,贝碧嘉,202409171200,33.1,115.9,BEBINCA,15,热带低压,1000,analysis
2413,贝碧嘉,202409171500,33.2,115.7,BEBINCA,15,热带低压,1000,analysis
2413,贝碧嘉,202409171800,33.3,115.4,BEBINCA,15,热带低压,1000,analysis
2413,贝碧嘉,202409172100,33.5,115.2,BEBINCA,12,热带低压,1004,analysis
2413,贝碧嘉,202409180000,33.5,115.0,BEBINCA,12,热带低压,1004,analysis
2413,贝碧嘉,202409180300,33.5,114.8,BEBINCA,12,热带低压,1004,analysis
2413,贝碧嘉,202409180600,33.4,114.8,BEBINCA,12,热带低压,1004,analysis
2413,贝碧嘉,202409180900,33.2,114.7,BEBINCA,12,热带低压,1004,analysis
2413,贝碧嘉,202409181200,32.7,114.9,BEBINCA,12,热带低压,1004,analysis
2412,丽琵,202409050600,33.1,145.8,LEEPI,18,热带风暴,1002,analysis
2412,丽琵,202409050900,33.6,146.1,LEEPI,18,热带风暴,1002,analysis
2412,丽琵,202409051200,33.8,146.2,LEEPI,18,热带风暴,1002,analysis
2412,丽琵,202409051500,34.1,146.4,LEEPI,18,热带风暴,1002,analysis
2412,丽琵,202409051800,34.8,146.9,LEEPI,18,热带风暴,1002,analysis
2412,丽琵,202409052100,35.4,147.4,LEEPI,18,热带风暴,1002,analysis
2412,丽琵,202409060000,35.8,148.0,LEEPI,18,热带风暴,1002,analysis
2412,丽琵,202409061200,38.1,150.5,LEEPI,15,热带低压,1005,forecast
2412,丽琵,202409070000,40.4,154.0,LEEPI,15,热带低压,1005,forecast
2411,摩羯,202409010600,13.0,125.3,YAGI,15,热带低压,1002,analysis
2411,摩羯,202409010900,13.3,125.1,YAGI,15,热带低压,1002,analysis
2411,摩羯,202409011200,13.9,124.5,YAGI,15,热带低压,1002,analysis
2411,摩羯,202409011500,14.3,123.9,YAGI,18,热带风暴,998,analysis
2411,摩羯,202409011800,14.5,123.7,YAGI,20,热带风暴,995,analysis
2411,摩羯,202409012100,14.5,123.1,YAGI,20,热带风暴,995,analysis
2411,摩羯,202409020000,15.1,122.8,YAGI,20,热带风暴,995,analysis
2411,摩羯,202409020300,15.7,122.7,YAGI,20,热带风暴,995,analysis
2411,摩羯,202409020600,16.3,122.3,YAGI,20,热带风暴,995,analysis
2411,摩羯,202409020900,16.8,122.1,YAGI,20,热带风暴,995,analysis
2411,摩羯,202409021200,17.3,121.7,YAGI,20,热带风暴,995,analysis
2411,摩羯,202409021500,17.7,121.3,YAGI,20,热带风暴,995,analysis
2411,摩羯,202409021800,18.2,120.7,YAGI,20,热带风暴,995,analysis
2411,摩羯,202409022100,18.2,119.7,YAGI,20,热带风暴,995,analysis
2411,摩羯,202409030000,18.2,119.7,YAGI,23,热带风暴,990,analysis
2411,摩羯,202409030100,18.4,119.3,YAGI,23,热带风暴,990,analysis
2411,摩羯,202409030200,18.4,119.3,YAGI,23,热带风暴,990,analysis
2411,摩羯,202409030300,18.4,119.3,YAGI,23,热带风暴,990,analysis
2411,摩羯,202409030400,18.5,119.2,YAGI,23,热带风暴,990,analysis
2411,摩羯,202409030500,18.7,119.1,YAGI,23,热带风暴,990,analysis
2411,摩羯,202409030600,18.7,119.1,YAGI,23,热带风暴,990,analysis
2411,摩羯,202409030700,18.7,118.9,YAGI,23,热带风暴,990,analysis
2411,摩羯,202409030800,18.7,118.6,YAGI,23,热带风暴,990,analysis
2411,摩羯,202409030900,18.7,118.6,YAGI,25,强热带风暴,985,analysis
2411,摩羯,202409031000,18.7,118.6,YAGI,25,强热带风暴,985,analysis
2411,摩羯,202409031100,18.7,118.6,YAGI,25,强热带风暴,985,analysis
2411,摩羯,202409031200,18.7,118.6,YAGI,25,强热带风暴,985,analysis
2411,摩羯,202409031300,18.7,118.5,YAGI,25,强热带风暴,985,analysis
2411,摩羯,202409031400,18.7,118.5,YAGI,25,强热带风暴,985,analysis
2411,摩羯,202409031500,18.7,118.5,YAGI,28,强热带风暴,982,analysis
2411,摩羯,202409031600,18.7,118.4,YAGI,28,强热带风暴,982,analysis
2411,摩羯,202409031700,18.8,118.3,YAGI,28,强热带风暴,982,analysis
2411,摩羯,202409031800,18.9,118.2,YAGI,28,强热带风暴,982,analysis
2411,摩羯,202409031900,19.0,118.1,YAGI,28,强热带风暴,982,analysis
2411,摩羯,202409032000,19.0,118.1,YAGI,28,强热带风暴,982,analysis
2411,摩羯,202409032100,19.0,118.0,YAGI,30,强热带风暴,980,analysis
2411,摩羯,202409032200,19.0,117.9,YAGI,30,强热带风暴,980,analysis
2411,摩羯,202409032300,19.0,117.8,YAGI,30,强热带风暴,980,analysis
2411,摩羯,202409040000,19.0,117.7,YAGI,35,台风,970,analysis
2411,摩羯,202409040100,19.0,117.7,YAGI,35,台风,970,analysis
2411,摩羯,202409040200,19.0,117.7,YAGI,35,台风,970,analysis
2411,摩羯,202409040300,19.1,117.6,YAGI,38,台风,965,analysis
2411,摩羯,202409040500,19.1,117.5,YAGI,38,台风,965,analysis
2411,摩羯,202409040600,19.1,117.4,YAGI,42,强台风,955,analysis
2411,摩羯,202409040700,19.1,117.3,YAGI,42,强台风,955,analysis
2411,摩羯,202409040800,19.1,117.2,YAGI,42,强台风,955,analysis
2411,摩羯,202409040900,19.2,117.1,YAGI,48,强台风,945,analysis
2411,摩羯,202409041000,19.2,117.1,YAGI,48,强台风,945,analysis
2411,摩羯,202409041100,19.2,117.0,YAGI,48,强台风,945,analysis
2411,摩羯,202409041200,19.2,116.9,YAGI,50,强台风,940,analysis
2411,摩羯,202409041300,19.2,116.9,YAGI,50,强台风,940,analysis
2411,摩羯,202409041400,19.2,116.7,YAGI,50,强台风,940,analysis
2411,摩羯,202409041500,19.2,116.5,YAGI,52,超强台风,935,analysis
2411,摩羯,202409041600,19.2,116.4,YAGI,52,超强台风,935,analysis
2411,摩羯,202409041700,19.2,116.4,YAGI,52,超强台风,935,analysis
2411,摩羯,202409041800,19.1,116.3,YAGI,55,超强台风,930,analysis
2411,摩羯,202409041900,19.1,116.2,YAGI,55,超强台风,930,analysis
2411,摩羯,202409042000,19.0,116.1,YAGI,55,超强台风,930,analysis
2411,摩羯,202409042100,19.0,116.0,YAGI,58,超强台风,925,analysis
2411,摩羯,202409042200,19.0,115.9,YAGI,58,超强台风,925,analysis
2411,摩羯,202409042300,19.0,115.8,YAGI,58,超强台风,925,analysis
2411,摩羯,202409050000,19.0,115.7,YAGI,58,超强台风,925,analysis
2411,摩羯,202409050100,19.1,115.7,YAGI,58,超强台风,925,analysis
2411,摩羯,202409050200,19.1,115.6,YAGI,58,超强台风,925,analysis
2411,摩羯,202409050300,19.2,115.5,YAGI,58,超强台风,925,analysis
2411,摩羯,202409050400,19.2,115.4,YAGI,58,超强台风,925,analysis
2411,摩羯,202409050500,19.2,115.3,YAGI,58,超强台风,925,analysis
2411,摩羯,202409050600,19.2,115.2,YAGI,58,超强台风,925,analysis
2411,摩羯,202409050700,19.3,115.1,YAGI,58,超强台风,925,analysis
2411,摩羯,202409050800,19.3,114.9,YAGI,58,超强台风,925,analysis
2411,摩羯,202409050900,19.3,114.8,YAGI,58,超强台风,925,analysis
2411,摩羯,202409051000,19.3,114.6,YAGI,58,超强台风,925,analysis
2411,摩羯,202409051100,19.3,114.4,YAGI,58,超强台风,925,analysis
2411,摩羯,202409051200,19.3,114.2,YAGI,58,超强台风,925,analysis
2411,摩羯,202409051300,19.3,113.9,YAGI,58,超强台风,925,analysis
2411,摩羯,202409051400,19.3,113.8,YAGI,58,超强台风,925,analysis
2411,摩羯,202409051500,19.3,113.5,YAGI,62,超强台风,915,analysis
2411,摩羯,202409051600,19.3,113.3,YAGI,62,超强台风,915,analysis
2411,摩羯,202409051700,19.3,113.2,YAGI,62,超强台风,915,analysis
2411,摩羯,202409051800,19.3,113.0,YAGI,62,超强台风,915,analysis
2411,摩羯,202409051900,19.2,112.9,YAGI,62,超强台风,915,analysis
2411,摩羯,202409052000,19.2,112.8,YAGI,65,超强台风,910,analysis
2411,摩羯,202409052100,19.2,112.7,YAGI,68,超强台风,905,analysis
2411,摩羯,202409052200,19.2,112.5,YAGI,68,超强台风,905,analysis
2411,摩羯,202409052300,19.2,112.4,YAGI,68,超强台风,905,analysis
2411,摩羯,202409060000,19.2,112.3,YAGI,68,超强台风,905,analysis
2411,摩羯,202409060100,19.2,112.2,YAGI,68,超强台风,905,analysis
2411,摩羯,202409060200,19.3,112.1,YAGI,68,超强台风,905,analysis
2411,摩羯,202409060300,19.4,112.0,YAGI,68,超强台风,905,analysis
2411,摩羯,202409060400,19.5,111.8,YAGI,68,超强台风,905,analysis
2411,摩羯,202409060500,19.6,111.7,YAGI,68,超强台风,905,analysis
2411,摩羯,202409060600,19.7,111.4,YAGI,68,超强台风,905,analysis
2411,摩羯,202409060700,19.8,111.2,YAGI,65,超强台风,910,analysis
2411,摩羯,202409060800,19.8,111.1,YAGI,65,超强台风,910,analysis
2411,摩羯,202409060900,19.9,110.8,YAGI,60,超强台风,920,analysis
2411,摩羯,202409061000,20.0,110.7,YAGI,60,超强台风,920,analysis
2411,摩羯,202409061100,20.0,110.4,YAGI,60,超强台风,920,analysis
2411,摩羯,202409061200,20.0,110.3,YAGI,60,超强台风,920,analysis
2411,摩羯,202409061300,20.1,110.1,YAGI,60,超强台风,920,analysis
2411,摩羯,202409061400,20.2,110.0,YAGI,58,超强台风,925,analysis
2411,摩羯,202409061500,20.3,109.8,YAGI,55,超强台风,930,analysis
2411,摩羯,202409061600,20.3,109.5,YAGI,55,超强台风,930,analysis
2411,摩羯,202409061700,20.3,109.3,YAGI,55,超强台风,930,analysis
2411,摩羯,202409061800,20.3,109.1,YAGI,52,超强台风,935,analysis
2411,摩羯,202409061900,20.3,108.9,YAGI,52,超强台风,935,analysis
2411,摩羯,202409062000,20.3,108.7,YAGI,52,超强台风,935,analysis
2411,摩羯,202409062100,20.3,108.6,YAGI,52,超强台风,935,analysis
2411,摩羯,202409062200,20.3,108.5,YAGI,52,超强台风,935,analysis
2411,摩羯,202409062300,20.3,108.4,YAGI,52,超强台风,935,analysis
2411,摩羯,202409070000,20.4,108.2,YAGI,52,超强台风,935,analysis
2411,摩羯,202409070100,20.4,108.0,YAGI,52,超强台风,935,analysis
2411,摩羯,202409070200,20.5,107.8,YAGI,52,超强台风,935,analysis
2411,摩羯,202409070300,20.6,107.7,YAGI,55,超强台风,930,analysis
2411,摩羯,202409070400,20.6,107.5,YAGI,55,超强台风,930,analysis
2411,摩羯,202409070500,20.7,107.4,YAGI,60,超强台风,920,analysis
2411,摩羯,202409070600,20.8,107.2,YAGI,60,超强台风,920,analysis
2411,摩羯,202409070700,20.8,107.0,YAGI,60,超强台风,920,analysis
2411,摩羯,202409070900,21.0,106.6,YAGI,50,强台风,940,analysis
2411,摩羯,202409071200,21.0,106.0,YAGI,40,台风,960,analysis
2411,摩羯,202409071500,21.0,105.7,YAGI,35,台风,970,analysis
2411,摩羯,202409071800,21.1,105.3,YAGI,30,强热带风暴,980,analysis
2411,摩羯,202409072100,21.0,105.0,YAGI,20,热带风暴,995,analysis
2411,摩羯,202409080000,21.0,104.8,YAGI,18,热带风暴,998,analysis
2411,摩羯,202409080300,21.1,104.7,YAGI,15,热带低压,1000,analysis
2411,摩羯,202409080600,21.4,104.2,YAGI,13,热带低压,1000,analysis
2410,珊珊,202408211800,16.9,142.1,SHANSHAN,18,热带风暴,1000,analysis
2410,珊珊,202408212100,17.0,141.9,SHANSHAN,18,热带风暴,1000,analysis
2410,珊珊,202408220000,16.8,141.7,SHANSHAN,18,热带风暴,1000,analysis
2410,珊珊,202408220300,16.8,141.6,SHANSHAN,18,热带风暴,1000,analysis
2410,珊珊,202408220600,16.8,141.6,SHANSHAN,23,热带风暴,990,analysis
2410,珊珊,202408220900,16.7,141.5,SHANSHAN,23,热带风暴,990,analysis
2410,珊珊,202408221200,16.7,141.4,SHANSHAN,25,强热带风暴,985,analysis
2410,珊珊,202408221500,16.7,141.4,SHANSHAN,25,强热带风暴,985,analysis
2410,珊珊,202408221800,16.7,141.4,SHANSHAN,25,强热带风暴,985,analysis
2410,珊珊,202408222100,16.9,141.3,SHANSHAN,25,强热带风暴,985,analysis
2410,珊珊,202408230000,17.6,141.3,SHANSHAN,28,强热带风暴,982,analysis
2410,珊珊,202408230300,17.9,141.2,SHANSHAN,28,强热带风暴,982,analysis
2410,珊珊,202408230600,18.0,141.2,SHANSHAN,30,强热带风暴,980,analysis
2410,珊珊,202408230900,18.1,141.2,SHANSHAN,30,强热带风暴,980,analysis
2410,珊珊,202408231200,18.1,141.2,SHANSHAN,30,强热带风暴,980,analysis
2410,珊珊,202408231500,18.4,141.2,SHANSHAN,30,强热带风暴,980,analysis
2410,珊珊,202408231800,18.9,141.2,SHANSHAN,30,强热带风暴,980,analysis
2410,珊珊,202408232100,19.5,141.2,SHANSHAN,30,强热带风暴,980,analysis
2410,珊珊,202408240000,19.9,141.2,SHANSHAN,30,强热带风暴,980,analysis
2410,珊珊,202408240300,20.5,141.3,SHANSHAN,33,台风,975,analysis
2410,珊珊,202408240600,21.6,141.3,SHANSHAN,33,台风,975,analysis
2410,珊珊,202408240900,22.0,141.1,SHANSHAN,33,台风,975,analysis
2410,珊珊,202408241200,22.4,140.9,SHANSHAN,33,台风,975,analysis
2410,珊珊,202408241500,23.1,140.7,SHANSHAN,33,台风,975,analysis
2410,珊珊,202408241800,23.7,140.3,SHANSHAN,33,台风,975,analysis
2410,珊珊,202408242100,24.1,139.6,SHANSHAN,33,台风,975,analysis
2410,珊珊,202408250000,24.6,139.1,SHANSHAN,33,台风,975,analysis
2410,珊珊,202408250300,25.1,138.8,SHANSHAN,33,台风,975,analysis
2410,珊珊,202408250600,25.7,137.9,SHANSHAN,35,台风,970,analysis
2410,珊珊,202408250900,26.2,136.9,SHANSHAN,35,台风,970,analysis
2410,珊珊,202408251200,26.3,136.3,SHANSHAN,35,台风,970,analysis
2410,珊珊,202408251500,26.6,135.7,SHANSHAN,38,台风,965,analysis
2410,珊珊,202408251800,26.9,134.9,SHANSHAN,38,台风,965,analysis
2410,珊珊,202408252100,27.2,134.2,SHANSHAN,35,台风,970,analysis
2410,珊珊,202408260000,27.2,133.8,SHANSHAN,35,台风,970,analysis
2410,珊珊,202408260300,27.5,133.2,SHANSHAN,35,台风,970,analysis
2410,珊珊,202408260600,27.5,132.7,SHANSHAN,38,台风,965,analysis
2410,珊珊,202408260900,27.6,132.4,SHANSHAN,38,台风,965,analysis
2410,珊珊,202408261200,27.8,131.8,SHANSHAN,40,台风,960,analysis
2410,珊珊,202408261500,27.9,131.5,SHANSHAN,40,台风,960,analysis
2410,珊珊,202408261800,28.0,131.1,SHANSHAN,45,强台风,950,analysis
2410,珊珊,202408262100,28.0,131.0,SHANSHAN,45,强台风,950,analysis
2410,珊珊,202408270000,28.2,130.8,SHANSHAN,48,强台风,945,analysis
2410,珊珊,202408270300,28.3,130.5,SHANSHAN,48,强台风,945,analysis
2410,珊珊,202408270600,28.5,130.4,SHANSHAN,48,强台风,945,analysis
2410,珊珊,202408270900,28.6,130.3,SHANSHAN,52,超强台风,935,analysis
2410,珊珊,202408271200,28.7,130.3,SHANSHAN,52,超强台风,935,analysis
2410,珊珊,202408271500,28.8,130.3,SHANSHAN,52,超强台风,935,analysis
2410,珊珊,202408271800,28.9,130.2,SHANSHAN,52,超强台风,935,analysis
2410,珊珊,202408272100,29.0,129.9,SHANSHAN,52,超强台风,935,analysis
2410,珊珊,202408280000,29.2,130.2,SHANSHAN,52,超强台风,935,analysis
2410,珊珊,202408280300,29.5,130.2,SHANSHAN,52,超强台风,935,analysis
2410,珊珊,202408280600,29.9,130.1,SHANSHAN,52,超强台风,935,analysis
2410,珊珊,202408280900,30.1,130.0,SHANSHAN,52,超强台风,935,analysis
2410,珊珊,202408281200,30.6,130.1,SHANSHAN,50,强台风,940,analysis
2410,珊珊,202408281500,30.9,130.0,SHANSHAN,50,强台风,940,analysis
2410,珊珊,202408281800,31.3,130.0,SHANSHAN,48,强台风,945,analysis
2410,珊珊,202408282100,31.6,130.1,SHANSHAN,48,强台风,945,analysis
2410,珊珊,202408290000,32.0,130.4,SHANSHAN,40,台风,955,analysis
2410,珊珊,202408290300,32.6,130.4,SHANSHAN,40,台风,965,analysis
2410,珊珊,202408290600,32.9,130.2,SHANSHAN,30,强热带风暴,980,analysis
2410,珊珊,202408290900,32.9,130.3,SHANSHAN,28,强热带风暴,982,analysis
2410,珊珊,202408291200,32.9,130.6,SHANSHAN,28,强热带风暴,982,analysis
2410,珊珊,202408291500,33.0,130.7,SHANSHAN,28,强热带风暴,982,analysis
2410,珊珊,202408291800,33.1,130.8,SHANSHAN,20,热带风暴,990,analysis
2410,珊珊,202408292100,33.2,131.2,SHANSHAN,20,热带风暴,990,analysis
2410,珊珊,202408300000,33.3,131.7,SHANSHAN,18,热带风暴,995,analysis
2410,珊珊,202408300300,33.5,132.2,SHANSHAN,18,热带风暴,995,analysis
2410,珊珊,202408300600,33.7,132.5,SHANSHAN,18,热带风暴,995,analysis
2410,珊珊,202408300900,33.8,132.6,SHANSHAN,18,热带风暴,995,analysis
2410,珊珊,202408301200,34.2,133.4,SHANSHAN,15,热带低压,998,analysis
2410,珊珊,202408310000,33.7,135.3,SHANSHAN,15,热带低压,998,forecast
2409,云雀,202408182100,25.0,125.9,JONGDARI,18,热带风暴,998,analysis
2409,云雀,202408182200,25.1,125.9,JONGDARI,18,热带风暴,998,analysis
2409,云雀,202408182300,25.2,126.0,JONGDARI,18,热带风暴,998,analysis
2409,云雀,202408190000,25.2,126.0,JONGDARI,18,热带风暴,998,analysis
2409,云雀,202408190100,25.2,126.0,JONGDARI,18,热带风暴,998,analysis
2409,云雀,202408190200,25.2,126.0,JONGDARI,18,热带风暴,998,analysis
2409,云雀,202408190300,25.5,126.1,JONGDARI,18,热带风暴,998,analysis
2409,云雀,202408190400,25.9,126.1,JONGDARI,18,热带风暴,998,analysis
2409,云雀,202408190500,26.1,126.0,JONGDARI,18,热带风暴,998,analysis
2409,云雀,202408190600,26.3,126.0,JONGDARI,18,热带风暴,998,analysis
2409,云雀,202408190700,26.5,126.0,JONGDARI,18,热带风暴,998,analysis
2409,云雀,202408190800,26.7,125.9,JONGDARI,18,热带风暴,998,analysis
2409,云雀,202408190900,26.9,125.9,JONGDARI,18,热带风暴,998,analysis
2409,云雀,202408191000,27.2,125.9,JONGDARI,18,热带风暴,998,analysis
2409,云雀,202408191100,27.4,125.9,JONGDARI,18,热带风暴,998,analysis
2409,云雀,202408191200,27.6,125.8,JONGDARI,18,热带风暴,998,analysis
2409,云雀,202408191300,27.8,125.8,JONGDARI,18,热带风暴,998,analysis
2409,云雀,202408191400,28.0,125.8,JONGDARI,18,热带风暴,998,analysis
2409,云雀,202408191500,28.2,125.7,JONGDARI,18,热带风暴,998,analysis
2409,云雀,202408191600,28.4,125.7,JONGDARI,18,热带风暴,998,analysis
2409,云雀,202408191700,28.7,125.6,JONGDARI,18,热带风暴,998,analysis
2409,云雀,202408191800,29.1,125.6,JONGDARI,18,热带风暴,998,analysis
2409,云雀,202408191900,29.4,125.6,JONGDARI,18,热带风暴,998,analysis
2409,云雀,202408192000,29.6,125.5,JONGDARI,18,热带风暴,998,analysis
2409,云雀,202408192100,30.0,125.5,JONGDARI,18,热带风暴,998,analysis
2409,云雀,202408192200,30.3,125.5,JONGDARI,18,热带风暴,998,analysis
2409,云雀,202408192300,30.6,125.5,JONGDARI,18,热带风暴,998,analysis
2409,云雀,202408200000,30.8,125.5,JONGDARI,18,热带风暴,998,analysis
2409,云雀,202408200100,31.1,125.5,JONGDARI,18,热带风暴,998,analysis
2409,云雀,202408200200,31.4,125.5,JONGDARI,18,热带风暴,998,analysis
2409,云雀,202408200300,31.6,125.5,JONGDARI,18,热带风暴,998,analysis
2409,云雀,202408200400,31.8,125.5,JONGDARI,18,热带风暴,998,analysis
2409,云雀,202408200500,32.1,125.5,JONGDARI,18,热带风暴,998,analysis
2409,云雀,202408200600,32.5,125.5,JONGDARI,18,热带风暴,998,analysis
2409,云雀,202408200700,32.7,125.5,JONGDARI,18,热带风暴,998,analysis
2409,云雀,202408200800,32.9,125.5,JONGDARI,18,热带风暴,998,analysis
2409,云雀,202408200900,33.3,125.5,JONGDARI,15,热带低压,1000,analysis
2409,云雀,202408201200,34.1,125.6,JONGDARI,15,热带低压,1000,analysis
2409,云雀,202408201800,35.8,125.9,JONGDARI,15,热带低压,1000,forecast
2409,云雀,202408210000,37.5,126.4,JONGDARI,12,热带低压,1002,forecast
2408,悟空,202408130600,27.9,150.0,WUKONG,18,热带风暴,998,analysis
2408,悟空,202408130900,28.0,149.9,WUKONG,18,热带风暴,998,analysis
2408,悟空,202408131200,28.1,149.8,WUKONG,18,热带风暴,998,analysis
2408,悟空,202408131500,28.3,149.7,WUKONG,18,热带风暴,998,analysis
2408,悟空,202408131800,28.4,149.6,WUKONG,18,热带风暴,998,analysis
2408,悟空,202408132100,28.5,149.5,WUKONG,18,热带风暴,998,analysis
2408,悟空,202408140000,29.2,149.3,WUKONG,18,热带风暴,998,analysis
2408,悟空,202408140300,29.7,149.0,WUKONG,18,热带风暴,998,analysis
2408,悟空,202408140600,30.4,148.0,WUKONG,18,热带风暴,998,analysis
2408,悟空,202408141800,34.2,147.2,WUKONG,18,热带风暴,998,forecast
2408,悟空,202408150600,37.7,148.2,WUKONG,15,热带低压,1000,forecast
2407,安比,202408121800,23.6,136.8,AMPIL,18,热带风暴,998,analysis
2407,安比,202408122100,23.9,137.2,AMPIL,18,热带风暴,998,analysis
2407,安比,202408130000,25.0,138.2,AMPIL,23,热带风暴,990,analysis
2407,安比,202408130300,25.1,138.3,AMPIL,23,热带风暴,990,analysis
2407,安比,202408130600,25.4,138.7,AMPIL,25,强热带风暴,985,analysis
2407,安比,202408130900,25.7,138.9,AMPIL,25,强热带风暴,985,analysis
2407,安比,202408131200,25.7,138.9,AMPIL,28,强热带风暴,982,analysis
2407,安比,202408131500,25.8,139.2,AMPIL,28,强热带风暴,982,analysis
2407,安比,202408131800,25.9,139.3,AMPIL,28,强热带风暴,982,analysis
2407,安比,202408132100,26.0,139.7,AMPIL,30,强热带风暴,980,analysis
2407,安比,202408140000,26.0,139.9,AMPIL,30,强热带风暴,980,analysis
2407,安比,202408140300,26.2,140.5,AMPIL,30,强热带风暴,980,analysis
2407,安比,202408140600,26.6,140.8,AMPIL,30,强热带风暴,980,analysis
2407,安比,202408140900,27.0,141.1,AMPIL,30,强热带风暴,980,analysis
2407,安比,202408141200,27.5,141.2,AMPIL,30,强热带风暴,980,analysis
2407,安比,202408141500,28.0,141.3,AMPIL,33,台风,975,analysis
2407,安比,202408141800,28.5,141.3,AMPIL,33,台风,975,analysis
2407,安比,202408142100,29.1,141.1,AMPIL,33,台风,975,analysis
2407,安比,202408150000,29.5,141.1,AMPIL,33,台风,975,analysis
2407,安比,202408150300,29.9,141.1,AMPIL,33,台风,975,analysis
2407,安比,202408150600,30.5,141.1,AMPIL,38,台风,965,analysis
2407,安比,202408150900,31.1,141.1,AMPIL,40,台风,960,analysis
2407,安比,202408151200,31.5,140.8,AMPIL,45,强台风,950,analysis
2407,安比,202408151500,32.0,140.8,AMPIL,45,强台风,950,analysis
2407,安比,202408151800,32.5,140.8,AMPIL,45,强台风,950,analysis
2407,安比,202408152100,33.1,140.9,AMPIL,48,强台风,940,analysis
2407,安比,202408160000,33.5,140.7,AMPIL,48,强台风,940,analysis
2407,安比,202408160300,33.8,140.7,AMPIL,48,强台风,940,analysis
2407,安比,202408160600,34.1,141.0,AMPIL,48,强台风,940,analysis
2407,安比,202408160900,34.5,141.6,AMPIL,48,强台风,940,analysis
2407,安比,202408161200,34.9,141.9,AMPIL,48,强台风,940,analysis
2407,安比,202408161500,35.4,142.3,AMPIL,45,强台风,950,analysis
2407,安比,202408161800,35.8,142.8,AMPIL,45,强台风,950,analysis
2407,安比,202408162100,36.1,143.1,AMPIL,42,强台风,955,analysis
2407,安比,202408170000,36.6,143.7,AMPIL,40,台风,960,analysis
2407,安比,202408170300,37.1,144.2,AMPIL,40,台风,960,analysis
2407,安比,202408170600,37.3,145.0,AMPIL,35,台风,970,analysis
2407,安比,202408170900,37.4,146.3,AMPIL,35,台风,970,analysis
2407,安比,202408171200,37.6,147.3,AMPIL,35,台风,970,analysis
2407,安比,202408171500,38.4,148.6,AMPIL,35,台风,970,analysis
2407,安比,202408171800,38.5,149.6,AMPIL,33,台风,975,analysis
2407,安比,202408172100,39.0,151.2,AMPIL,33,台风,975,analysis
2407,安比,202408180000,40.0,152.3,AMPIL,30,强热带风暴,980,analysis
2407,安比,202408180300,40.1,154.0,AMPIL,28,强热带风暴,982,analysis
2407,安比,202408180600,40.4,155.1,AMPIL,25,强热带风暴,985,analysis
2407,安比,202408180900,41.2,156.8,AMPIL,23,热带风暴,990,analysis
2407,安比,202408181200,41.8,158.0,AMPIL,23,热带风暴,990,analysis
2407,安比,202408190000,44.0,162.9,AMPIL,20,热带风暴,990,forecast
2406,山神,202408111200,28.8,155.0,SON-TINH,18,热带风暴,998,analysis
2406,山神,202408111500,29.6,154.9,SON-TINH,18,热带风暴,998,analysis
2406,山神,202408111800,30.1,154.4,SON-TINH,18,热带风暴,998,analysis
2406,山神,202408112100,30.7,153.9,SON-TINH,18,热带风暴,998,analysis
2406,山神,202408120000,31.3,153.1,SON-TINH,18,热带风暴,998,analysis
2406,山神,202408120300,32.1,152.4,SON-TINH,18,热带风暴,998,analysis
2406,山神,202408120600,32.4,151.5,SON-TINH,18,热带风暴,998,analysis
2406,山神,202408120900,32.6,151.2,SON-TINH,18,热带风暴,998,analysis
2406,山神,202408121200,32.8,150.5,SON-TINH,18,热带风暴,998,analysis
2406,山神,202408121500,33.1,149.8,SON-TINH,18,热带风暴,998,analysis
2406,山神,202408121800,34.2,149.4,SON-TINH,18,热带风暴,998,analysis
2406,山神,202408122100,34.6,148.7,SON-TINH,18,热带风暴,998,analysis
2406,山神,202408130000,35.2,147.9,SON-TINH,18,热带风暴,998,analysis
2406,山神,202408131200,37.4,146.0,SON-TINH,15,热带低压,1000,forecast
2405,玛莉亚,202408072100,25.9,143.1,MARIA,18,热带风暴,996,analysis
2405,玛莉亚,202408080000,26.5,144.0,MARIA,18,热带风暴,996,analysis
2405,玛莉亚,202408080300,26.9,144.5,MARIA,23,热带风暴,985,analysis
2405,玛莉亚,202408080600,27.6,144.7,MARIA,23,热带风暴,985,analysis
2405,玛莉亚,202408080900,28.2,145.0,MARIA,25,强热带风暴,982,analysis
2405,玛莉亚,202408081200,28.9,145.5,MARIA,28,强热带风暴,980,analysis
2405,玛莉亚,202408081500,29.5,145.6,MARIA,28,强热带风暴,980,analysis
2405,玛莉亚,202408081800,30.0,145.5,MARIA,28,强热带风暴,980,analysis
2405,玛莉亚,202408082100,30.3,145.8,MARIA,30,强热带风暴,975,analysis
2405,玛莉亚,202408090000,30.8,146.1,MARIA,30,强热带风暴,975,analysis
2405,玛莉亚,202408090300,31.3,146.2,MARIA,30,强热带风暴,975,analysis
2405,玛莉亚,202408090600,32.4,146.1,MARIA,30,强热带风暴,975,analysis
2405,玛莉亚,202408090900,32.7,146.1,MARIA,30,强热带风暴,975,analysis
2405,玛莉亚,202408091200,33.2,145.9,MARIA,30,强热带风暴,975,analysis
2405,玛莉亚,202408091500,33.4,146.0,MARIA,30,强热带风暴,975,analysis
2405,玛莉亚,202408091800,34.1,146.0,MARIA,30,强热带风暴,975,analysis
2405,玛莉亚,202408092100,34.5,146.0,MARIA,30,强热带风暴,975,analysis
2405,玛莉亚,202408100000,34.9,146.0,MARIA,30,强热带风暴,975,analysis
2405,玛莉亚,202408100300,35.6,145.7,MARIA,30,强热带风暴,975,analysis
2405,玛莉亚,202408100600,35.7,145.2,MARIA,28,强热带风暴,982,analysis
2405,玛莉亚,202408100900,36.1,145.1,MARIA,25,强热带风暴,985,analysis
2405,玛莉亚,202408101200,36.4,145.0,MARIA,25,强热带风暴,985,analysis
2405,玛莉亚,202408101500,36.4,145.0,MARIA,25,强热带风暴,985,analysis
2405,玛莉亚,202408101800,36.6,145.0,MARIA,25,强热带风暴,985,analysis
2405,玛莉亚,202408102100,37.1,144.8,MARIA,25,强热带风暴,985,analysis
2405,玛莉亚,202408110000,37.5,144.5,MARIA,25,强热带风暴,985,analysis
2405,玛莉亚,202408110300,37.6,144.3,MARIA,25,强热带风暴,985,analysis
2405,玛莉亚,202408110600,37.7,143.9,MARIA,25,强热带风暴,985,analysis
2405,玛莉亚,202408110900,37.8,143.5,MARIA,25,强热带风暴,982,analysis
2405,玛莉亚,202408111200,37.9,143.4,MARIA,25,强热带风暴,982,analysis
2405,玛莉亚,202408111500,38.1,143.0,MARIA,25,强热带风暴,982,analysis
2405,玛莉亚,202408111800,38.2,142.7,MARIA,25,强热带风暴,982,analysis
2405,玛莉亚,202408112100,38.6,142.2,MARIA,25,强热带风暴,982,analysis
2405,玛莉亚,202408120000,39.0,141.7,MARIA,25,强热带风暴,988,analysis
2405,玛莉亚,202408120300,39.3,141.2,MARIA,23,热带风暴,992,analysis
2405,玛莉亚,202408120600,39.7,140.8,MARIA,23,热带风暴,992,analysis
2405,玛莉亚,202408120900,40.0,140.5,MARIA,23,热带风暴,994,analysis
2405,玛莉亚,202408121200,40.3,139.9,MARIA,20,热带风暴,996,analysis
2405,玛莉亚,202408121500,40.5,139.7,MARIA,18,热带风暴,998,analysis
2405,玛莉亚,202408130300,41.4,138.8,MARIA,18,热带风暴,998,forecast
2405,玛莉亚,202408131500,41.6,138.8,MARIA,15,热带低压,1002,forecast
2404,派比安,202407190600,14.1,118.0,PRAPIROON,12,热带低压,1004,analysis
2404,派比安,202407190900,14.7,117.1,PRAPIROON,12,热带低压,1004,analysis
2404,派比安,202407191200,14.8,116.4,PRAPIROON,12,热带低压,1004,analysis
2404,派比安,202407191500,14.9,116.0,PRAPIROON,12,热带低压,1004,analysis
2404,派比安,202407191800,14.9,115.9,PRAPIROON,12,热带低压,1004,analysis
2404,派比安,202407192100,15.1,115.6,PRAPIROON,12,热带低压,1004,analysis
2404,派比安,202407200000,15.8,114.6,PRAPIROON,12,热带低压,1004,analysis
2404,派比安,202407200300,16.0,114.1,PRAPIROON,12,热带低压,1004,analysis
2404,派比安,202407200600,16.2,113.5,PRAPIROON,12,热带低压,1004,analysis
2404,派比安,202407200900,16.5,112.6,PRAPIROON,12,热带低压,1004,analysis
2404,派比安,202407201200,16.6,112.4,PRAPIROON,15,热带低压,1000,analysis
2404,派比安,202407201500,16.4,111.8,PRAPIROON,15,热带低压,1000,analysis
2404,派比安,202407201800,16.4,111.7,PRAPIROON,15,热带低压,1000,analysis
2404,派比安,202407202300,16.4,111.3,PRAPIROON,18,热带风暴,995,analysis
2404,派比安,202407210000,16.4,111.3,PRAPIROON,18,热带风暴,995,analysis
2404,派比安,202407210100,16.4,111.3,PRAPIROON,18,热带风暴,995,analysis
2404,派比安,202407210200,16.4,111.3,PRAPIROON,18,热带风暴,995,analysis
2404,派比安,202407210300,16.5,111.2,PRAPIROON,20,热带风暴,992,analysis
2404,派比安,202407210400,16.6,111.2,PRAPIROON,20,热带风暴,992,analysis
2404,派比安,202407210500,16.8,111.2,PRAPIROON,20,热带风暴,992,analysis
2404,派比安,202407210600,17.0,111.1,PRAPIROON,20,热带风暴,992,analysis
2404,派比安,202407210700,17.2,111.0,PRAPIROON,20,热带风暴,992,analysis
2404,派比安,202407210800,17.4,110.9,PRAPIROON,20,热带风暴,992,analysis
2404,派比安,202407210900,17.4,110.9,PRAPIROON,23,热带风暴,990,analysis
2404,派比安,202407211000,17.6,110.9,PRAPIROON,23,热带风暴,990,analysis
2404,派比安,202407211100,17.8,110.9,PRAPIROON,23,热带风暴,990,analysis
2404,派比安,202407211200,17.9,110.9,PRAPIROON,25,强热带风暴,985,analysis
2404,派比安,202407211300,18.0,110.8,PRAPIROON,25,强热带风暴,985,analysis
2404,派比安,202407211400,18.1,110.7,PRAPIROON,25,强热带风暴,985,analysis
2404,派比安,202407211500,18.2,110.6,PRAPIROON,25,强热带风暴,985,analysis
2404,派比安,202407211600,18.4,110.4,PRAPIROON,28,强热带风暴,985,analysis
2404,派比安,202407211700,18.6,110.3,PRAPIROON,28,强热带风暴,985,analysis
2404,派比安,202407211800,18.8,110.2,PRAPIROON,28,强热带风暴,985,analysis
2404,派比安,202407211900,19.0,110.0,PRAPIROON,25,强热带风暴,985,analysis
2404,派比安,202407212000,19.2,109.8,PRAPIROON,25,强热带风暴,985,analysis
2404,派比安,202407212100,19.4,109.7,PRAPIROON,23,热带风暴,990,analysis
2404,派比安,202407212200,19.5,109.5,PRAPIROON,23,热带风暴,990,analysis
2404,派比安,202407212300,19.5,109.3,PRAPIROON,23,热带风暴,990,analysis
2404,派比安,202407220000,19.5,109.2,PRAPIROON,23,热带风暴,990,analysis
2404,派比安,202407220100,19.6,109.1,PRAPIROON,23,热带风暴,990,analysis
2404,派比安,202407220200,19.7,109.0,PRAPIROON,23,热带风暴,990,analysis
2404,派比安,202407220300,19.8,109.0,PRAPIROON,25,强热带风暴,988,analysis
2404,派比安,202407220400,19.9,108.9,PRAPIROON,25,强热带风暴,988,analysis
2404,派比安,202407220500,20.0,108.8,PRAPIROON,25,强热带风暴,988,analysis
2404,派比安,202407220600,20.0,108.6,PRAPIROON,28,强热带风暴,985,analysis
2404,派比安,202407220700,20.0,108.6,PRAPIROON,28,强热带风暴,985,analysis
2404,派比安,202407220800,20.1,108.4,PRAPIROON,28,强热带风暴,985,analysis
2404,派比安,202407220900,20.1,108.4,PRAPIROON,30,强热带风暴,982,analysis
2404,派比安,202407221000,20.2,108.4,PRAPIROON,30,强热带风暴,982,analysis
2404,派比安,202407221100,20.3,108.4,PRAPIROON,30,强热带风暴,982,analysis
2404,派比安,202407221200,20.5,108.2,PRAPIROON,30,强热带风暴,982,analysis
2404,派比安,202407221300,20.5,108.1,PRAPIROON,30,强热带风暴,982,analysis
2404,派比安,202407221400,20.5,108.1,PRAPIROON,30,强热带风暴,982,analysis
2404,派比安,202407221500,20.6,108.0,PRAPIROON,30,强热带风暴,982,analysis
2404,派比安,202407221600,20.7,107.9,PRAPIROON,30,强热带风暴,982,analysis
2404,派比安,202407221700,20.7,107.9,PRAPIROON,30,强热带风暴,982,analysis
2404,派比安,202407221800,20.7,107.7,PRAPIROON,28,强热带风暴,985,analysis
2404,派比安,202407221900,20.9,107.6,PRAPIROON,28,强热带风暴,985,analysis
2404,派比安,202407222000,21.0,107.5,PRAPIROON,28,强热带风暴,985,analysis
2404,派比安,202407222100,21.3,107.7,PRAPIROON,25,强热带风暴,988,analysis
2404,派比安,202407222200,21.3,107.7,PRAPIROON,25,强热带风暴,988,analysis
2404,派比安,202407222300,21.4,107.6,PRAPIROON,23,热带风暴,990,analysis
2404,派比安,202407230000,21.4,107.5,PRAPIROON,20,热带风暴,995,analysis
2404,派比安,202407230300,21.4,107.5,PRAPIROON,15,热带低压,1000,analysis
2404,派比安,202407230600,21.6,107.3,PRAPIROON,12,热带低压,1000,analysis
2404,派比安,202407230900,21.6,107.1,PRAPIROON,12,热带低压,1000,analysis
2403,格美,202407191200,13.7,131.4,GAEMI,15,热带低压,1004,analysis
2403,格美,202407191500,13.9,130.8,GAEMI,15,热带低压,1004,analysis
2403,格美,202407191800,14.5,130.0,GAEMI,15,热带低压,1004,analysis
2403,格美,202407192100,14.7,129.7,GAEMI,15,热带低压,1004,analysis
2403,格美,202407200000,15.3,128.6,GAEMI,15,热带低压,1002,analysis
2403,格美,202407200300,15.4,128.3,GAEMI,15,热带低压,1002,analysis
2403,格美,202407200600,15.6,127.7,GAEMI,18,热带风暴,998,analysis
2403,格美,202407200900,15.6,127.7,GAEMI,18,热带风暴,998,analysis
2403,格美,202407201200,15.8,127.6,GAEMI,18,热带风暴,998,analysis
2403,格美,202407201500,16.1,127.4,GAEMI,18,热带风暴,998,analysis
2403,格美,202407201800,16.3,126.9,GAEMI,18,热带风暴,995,analysis
2403,格美,202407202100,16.5,126.3,GAEMI,20,热带风暴,992,analysis
2403,格美,202407210000,16.7,125.4,GAEMI,20,热带风暴,992,analysis
2403,格美,202407210300,16.7,125.2,GAEMI,23,热带风暴,990,analysis
2403,格美,202407210600,16.9,125.1,GAEMI,28,强热带风暴,982,analysis
2403,格美,202407210900,17.0,125.1,GAEMI,28,强热带风暴,982,analysis
2403,格美,202407211200,17.1,125.0,GAEMI,28,强热带风暴,982,analysis
2403,格美,202407211500,17.1,125.0,GAEMI,28,强热带风暴,982,analysis
2403,格美,202407211800,17.2,125.0,GAEMI,28,强热带风暴,982,analysis
2403,格美,202407212100,17.3,125.0,GAEMI,28,强热带风暴,982,analysis
2403,格美,202407220000,17.4,125.0,GAEMI,28,强热带风暴,982,analysis
2403,格美,202407220300,17.6,125.0,GAEMI,28,强热带风暴,982,analysis
2403,格美,202407220600,17.9,125.0,GAEMI,30,强热带风暴,980,analysis
2403,格美,202407220900,18.1,125.1,GAEMI,30,强热带风暴,980,analysis
2403,格美,202407221200,18.5,125.2,GAEMI,35,台风,970,analysis
2403,格美,202407221500,18.6,125.2,GAEMI,38,台风,965,analysis
2403,格美,202407221800,18.7,125.2,GAEMI,40,台风,960,analysis
2403,格美,202407222100,19.2,125.2,GAEMI,40,台风,960,analysis
2403,格美,202407230000,19.6,125.1,GAEMI,40,台风,960,analysis
2403,格美,202407230300,19.9,125.0,GAEMI,40,台风,960,analysis
2403,格美,202407230600,20.5,125.0,GAEMI,40,台风,960,analysis
2403,格美,202407230900,21.2,124.9,GAEMI,42,强台风,955,analysis
2403,格美,202407231000,21.4,124.8,GAEMI,42,强台风,955,analysis
2403,格美,202407231100,21.6,124.8,GAEMI,42,强台风,955,analysis
2403,格美,202407231200,21.9,124.6,GAEMI,42,强台风,955,analysis
2403,格美,202407231300,22.1,124.5,GAEMI,42,强台风,955,analysis
2403,格美,202407231400,22.3,124.4,GAEMI,42,强台风,955,analysis
2403,格美,202407231500,22.5,124.1,GAEMI,42,强台风,955,analysis
2403,格美,202407231600,22.6,123.9,GAEMI,45,强台风,950,analysis
2403,格美,202407231700,22.7,123.7,GAEMI,45,强台风,950,analysis
2403,格美,202407231800,22.8,123.6,GAEMI,50,强台风,940,analysis
2403,格美,202407231900,22.8,123.6,GAEMI,50,强台风,940,analysis
2403,格美,202407232000,22.9,123.5,GAEMI,50,强台风,940,analysis
2403,格美,202407232100,23.0,123.5,GAEMI,50,强台风,940,analysis
2403,格美,202407232200,23.1,123.4,GAEMI,50,强台风,940,analysis
2403,格美,202407232300,23.2,123.4,GAEMI,50,强台风,940,analysis
2403,格美,202407240000,23.4,123.4,GAEMI,52,超强台风,935,analysis
2403,格美,202407240100,23.6,123.2,GAEMI,55,超强台风,930,analysis
2403,格美,202407240200,23.7,123.1,GAEMI,55,超强台风,930,analysis
2403,格美,202407240300,23.8,123.0,GAEMI,55,超强台风,930,analysis
2403,格美,202407240400,24.0,122.8,GAEMI,55,超强台风,930,analysis
2403,格美,202407240500,24.1,122.6,GAEMI,55,超强台风,930,analysis
2403,格美,202407240600,24.1,122.5,GAEMI,58,超强台风,925,analysis
2403,格美,202407240700,24.2,122.3,GAEMI,58,超强台风,925,analysis
2403,格美,202407240800,24.2,122.1,GAEMI,58,超强台风,925,analysis
2403,格美,202407240900,24.1,121.9,GAEMI,58,超强台风,925,analysis
2403,格美,202407241000,24.0,121.8,GAEMI,58,超强台风,925,analysis
2403,格美,202407241100,23.8,121.7,GAEMI,58,超强台风,925,analysis
2403,格美,202407241200,23.6,121.7,GAEMI,55,超强台风,930,analysis
2403,格美,202407241300,23.6,121.9,GAEMI,55,超强台风,930,analysis
2403,格美,202407241400,23.8,122.0,GAEMI,55,超强台风,930,analysis
2403,格美,202407241500,24.1,121.9,GAEMI,52,超强台风,935,analysis
2403,格美,202407241600,24.5,121.8,GAEMI,48,强台风,945,analysis
2403,格美,202407241700,24.7,121.6,GAEMI,45,强台风,950,analysis
2403,格美,202407241800,24.7,121.5,GAEMI,45,强台风,950,analysis
2403,格美,202407241900,24.8,121.3,GAEMI,45,强台风,950,analysis
2403,格美,202407242000,24.9,120.9,GAEMI,45,强台风,950,analysis
2403,格美,202407242100,25.0,120.8,GAEMI,45,强台风,950,analysis
2403,格美,202407242200,25.0,120.7,GAEMI,45,强台风,950,analysis
2403,格美,202407242300,25.1,120.5,GAEMI,45,强台风,950,analysis
2403,格美,202407250000,25.1,120.2,GAEMI,45,强台风,950,analysis
2403,格美,202407250100,25.1,120.1,GAEMI,45,强台风,950,analysis
2403,格美,202407250200,25.1,120.0,GAEMI,42,强台风,955,analysis
2403,格美,202407250300,25.1,119.9,GAEMI,42,强台风,955,analysis
2403,格美,202407250400,25.1,119.9,GAEMI,42,强台风,955,analysis
2403,格美,202407250500,25.0,119.8,GAEMI,40,台风,960,analysis
2403,格美,202407250600,25.1,119.7,GAEMI,38,台风,965,analysis
2403,格美,202407250700,25.1,119.7,GAEMI,38,台风,965,analysis
2403,格美,202407250800,25.2,119.6,GAEMI,38,台风,965,analysis
2403,格美,202407250900,25.2,119.6,GAEMI,35,台风,970,analysis
2403,格美,202407251000,25.2,119.5,GAEMI,35,台风,970,analysis
2403,格美,202407251100,25.2,119.4,GAEMI,35,台风,970,analysis
2403,格美,202407251200,25.2,119.3,GAEMI,33,台风,972,analysis
2403,格美,202407251300,25.0,119.1,GAEMI,30,强热带风暴,974,analysis
2403,格美,202407251400,25.0,119.0,GAEMI,30,强热带风暴,974,analysis
2403,格美,202407251500,25.1,119.0,GAEMI,28,强热带风暴,977,analysis
2403,格美,202407251600,25.1,119.0,GAEMI,28,强热带风暴,977,analysis
2403,格美,202407251700,25.3,118.9,GAEMI,28,强热带风暴,977,analysis
2403,格美,202407251800,25.5,118.8,GAEMI,28,强热带风暴,977,analysis
2403,格美,202407251900,25.6,118.7,GAEMI,28,强热带风暴,977,analysis
2403,格美,202407252000,25.7,118.7,GAEMI,28,强热带风暴,977,analysis
2403,格美,202407252100,25.8,118.6,GAEMI,28,强热带风暴,977,analysis
2403,格美,202407252200,25.9,118.5,GAEMI,28,强热带风暴,980,analysis
2403,格美,202407252300,26.0,118.5,GAEMI,28,强热带风暴,980,analysis
2403,格美,202407260000,26.2,118.5,GAEMI,25,强热带风暴,982,analysis
2403,格美,202407260100,26.4,118.4,GAEMI,25,强热带风暴,982,analysis
2403,格美,202407260200,26.7,118.1,GAEMI,25,强热带风暴,982,analysis
2403,格美,202407260300,27.0,117.9,GAEMI,25,强热带风暴,982,analysis
2403,格美,202407260400,27.2,117.8,GAEMI,25,强热带风暴,982,analysis
2403,格美,202407260500,27.4,117.8,GAEMI,25,强热带风暴,982,analysis
2403,格美,202407260600,27.6,117.6,GAEMI,25,强热带风暴,982,analysis
2403,格美,202407260700,27.6,117.6,GAEMI,25,强热带风暴,982,analysis
2403,格美,202407260800,27.8,117.5,GAEMI,25,强热带风暴,982,analysis
2403,格美,202407260900,27.9,117.3,GAEMI,23,热带风暴,985,analysis
2403,格美,202407261000,28.0,117.2,GAEMI,23,热带风暴,985,analysis
2403,格美,202407261100,28.1,117.2,GAEMI,20,热带风暴,988,analysis
2403,格美,202407261200,28.2,117.2,GAEMI,20,热带风暴,989,analysis
2403,格美,202407261300,28.2,117.2,GAEMI,20,热带风暴,991,analysis
2403,格美,202407261400,28.3,117.1,GAEMI,18,热带风暴,998,analysis
2403,格美,202407261500,28.5,117.0,GAEMI,18,热带风暴,998,analysis
2403,格美,202407261600,28.6,116.8,GAEMI,18,热带风暴,998,analysis
2403,格美,202407261700,28.7,116.7,GAEMI,18,热带风暴,998,analysis
2403,格美,202407261800,29.0,116.4,GAEMI,18,热带风暴,998,analysis
2403,格美,202407261900,29.1,116.4,GAEMI,18,热带风暴,998,analysis
2403,格美,202407262000,29.2,116.4,GAEMI,18,热带风暴,998,analysis
2403,格美,202407262100,29.4,116.3,GAEMI,18,热带风暴,998,analysis
2403,格美,202407262200,29.5,116.2,GAEMI,18,热带风暴,995,analysis
2403,格美,202407262300,29.6,116.2,GAEMI,18,热带风暴,995,analysis
2403,格美,202407270000,29.6,116.1,GAEMI,18,热带风暴,995,analysis
2403,格美,202407270100,29.6,116.0,GAEMI,18,热带风暴,995,analysis
2403,格美,202407270200,29.6,116.0,GAEMI,18,热带风暴,995,analysis
2403,格美,202407270300,29.6,115.9,GAEMI,18,热带风暴,995,analysis
2403,格美,202407270400,29.7,115.8,GAEMI,18,热带风暴,995,analysis
2403,格美,202407270500,29.7,115.7,GAEMI,18,热带风暴,995,analysis
2403,格美,202407270600,29.7,115.7,GAEMI,18,热带风暴,995,analysis
2403,格美,202407270700,29.7,115.6,GAEMI,18,热带风暴,995,analysis
2403,格美,202407270800,29.7,115.6,GAEMI,18,热带风暴,995,analysis
2403,格美,202407270900,29.7,115.4,GAEMI,18,热带风暴,995,analysis
2403,格美,202407271000,29.7,115.4,GAEMI,18,热带风暴,995,analysis
2403,格美,202407271100,29.7,115.3,GAEMI,18,热带风暴,995,analysis
2403,格美,202407271200,29.8,115.2,GAEMI,15,热带低压,998,analysis
2403,格美,202407271500,29.8,115.0,GAEMI,15,热带低压,999,analysis
2403,格美,202407271800,29.8,114.6,GAEMI,15,热带低压,999,analysis
2403,格美,202407272100,29.7,114.4,GAEMI,12,热带低压,999,analysis
2403,格美,202407280300,29.6,113.7,GAEMI,12,热带低压,999,forecast
2402,马力斯,202405300900,17.4,112.2,MALIKSI,15,热带低压,1000,analysis
2402,马力斯,202405301200,17.8,112.1,MALIKSI,15,热带低压,1000,analysis
2402,马力斯,202405301500,18.5,111.9,MALIKSI,15,热带低压,1000,analysis
2402,马力斯,202405301800,18.9,111.5,MALIKSI,15,热带低压,1000,analysis
2402,马力斯,202405302100,18.9,111.5,MALIKSI,15,热带低压,1000,analysis
2402,马力斯,202405310000,19.1,111.6,MALIKSI,15,热带低压,1000,analysis
2402,马力斯,202405310300,20.3,111.9,MALIKSI,15,热带低压,1000,analysis
2402,马力斯,202405310600,20.3,111.9,MALIKSI,18,热带风暴,998,analysis
2402,马力斯,202405310700,20.3,111.9,MALIKSI,18,热带风暴,998,analysis
2402,马力斯,202405310800,20.3,111.9,MALIKSI,18,热带风暴,998,analysis
2402,马力斯,202405310900,20.4,111.9,MALIKSI,18,热带风暴,998,analysis
2402,马力斯,202405311000,20.5,111.9,MALIKSI,18,热带风暴,998,analysis
2402,马力斯,202405311100,20.5,111.9,MALIKSI,18,热带风暴,998,analysis
2402,马力斯,202405311200,20.7,111.4,MALIKSI,18,热带风暴,998,analysis
2402,马力斯,202405311300,20.9,111.4,MALIKSI,18,热带风暴,998,analysis
2402,马力斯,202405311400,21.1,111.5,MALIKSI,18,热带风暴,998,analysis
2402,马力斯,202405311500,21.2,111.5,MALIKSI,18,热带风暴,998,analysis
2402,马力斯,202405311600,21.2,111.5,MALIKSI,18,热带风暴,998,analysis
2402,马力斯,202405311700,21.6,111.7,MALIKSI,18,热带风暴,998,analysis
2402,马力斯,202405311800,21.6,111.7,MALIKSI,15,热带低压,1000,analysis
2402,马力斯,202405312100,22.0,111.8,MALIKSI,15,热带低压,1000,analysis
2402,马力斯,202406010000,22.6,112.2,MALIKSI,15,热带低压,1000,analysis
2402,马力斯,202406010300,22.8,112.4,MALIKSI,15,热带低压,1000,analysis
2402,马力斯,202406010600,23.3,112.6,MALIKSI,13,热带低压,1002,analysis
2402,马力斯,202406011200,24.3,113.4,MALIKSI,13,热带低压,1002,forecast
2402,马力斯,202406011800,25.0,114.6,MALIKSI,12,热带低压,1003,forecast
2401,艾云尼,202405240600,9.0,127.1,EWINIAR,12,热带低压,1003,analysis
2401,艾云尼,202405240900,9.1,127.1,EWINIAR,12,热带低压,1003,analysis
2401,艾云尼,202405241200,9.8,126.6,EWINIAR,12,热带低压,1003,analysis
2401,艾云尼,202405241500,10.1,126.4,EWINIAR,15,热带低压,1002,analysis
2401,艾云尼,202405241800,11.1,125.7,EWINIAR,15,热带低压,1002,analysis
2401,艾云尼,202405242100,11.5,125.3,EWINIAR,15,热带低压,1002,analysis
2401,艾云尼,202405250000,11.9,124.6,EWINIAR,15,热带低压,1002,analysis
2401,艾云尼,202405250300,12.4,123.5,EWINIAR,15,热带低压,1002,analysis
2401,艾云尼,202405250600,12.7,122.8,EWINIAR,15,热带低压,1002,analysis
2401,艾云尼,202405250900,13.1,122.4,EWINIAR,15,热带低压,1002,analysis
2401,艾云尼,202405251200,13.1,122.4,EWINIAR,15,热带低压,1002,analysis
2401,艾云尼,202405251500,13.3,122.3,EWINIAR,15,热带低压,1002,analysis
2401,艾云尼,202405251800,13.6,122.1,EWINIAR,15,热带低压,1002,analysis
2401,艾云尼,202405252100,13.8,121.9,EWINIAR,15,热带低压,1002,analysis
2401,艾云尼,202405260000,14.0,121.6,EWINIAR,15,热带低压,1000,analysis
2401,艾云尼,202405260300,14.1,121.5,EWINIAR,18,热带风暴,998,analysis
2401,艾云尼,202405260600,14.2,121.5,EWINIAR,23,热带风暴,990,analysis
2401,艾云尼,202405260900,14.4,121.8,EWINIAR,25,强热带风暴,985,analysis
2401,艾云尼,202405261200,14.9,122.2,EWINIAR,30,强热带风暴,980,analysis
2401,艾云尼,202405261500,15.2,122.4,EWINIAR,33,台风,975,analysis
2401,艾云尼,202405261800,15.5,122.5,EWINIAR,33,台风,975,analysis
2401,艾云尼,202405262100,15.6,122.6,EWINIAR,38,台风,965,analysis
2401,艾云尼,202405270000,15.8,122.8,EWINIAR,38,台风,965,analysis
2401,艾云尼,202405270300,15.9,123.0,EWINIAR,38,台风,965,analysis
2401,艾云尼,202405270600,16.2,123.2,EWINIAR,38,台风,965,analysis
2401,艾云尼,202405270900,16.4,123.6,EWINIAR,38,台风,965,analysis
2401,艾云尼,202405271200,16.7,124.2,EWINIAR,38,台风,965,analysis
2401,艾云尼,202405271500,16.9,124.4,EWINIAR,38,台风,965,analysis
2401,艾云尼,202405271800,17.4,124.7,EWINIAR,38,台风,965,analysis
2401,艾云尼,202405272100,17.6,124.8,EWINIAR,35,台风,970,analysis
2401,艾云尼,202405280000,18.3,125.3,EWINIAR,35,台风,970,analysis
2401,艾云尼,202405280300,19.0,126.1,EWINIAR,35,台风,970,analysis
2401,艾云尼,202405280600,19.7,126.7,EWINIAR,35,台风,970,analysis
2401,艾云尼,202405280900,20.2,127.2,EWINIAR,35,台风,970,analysis
2401,艾云尼,202405281200,20.5,127.7,EWINIAR,35,台风,970,analysis
2401,艾云尼,202405281500,21.7,128.8,EWINIAR,35,台风,970,analysis
2401,艾云尼,202405281800,22.4,129.5,EWINIAR,35,台风,970,analysis
2401,艾云尼,202405282100,23.2,130.0,EWINIAR,35,台风,970,analysis
2401,艾云尼,202405290000,24.0,130.6,EWINIAR,35,台风,970,analysis
2401,艾云尼,202405290300,24.8,131.4,EWINIAR,35,台风,970,analysis
2401,艾云尼,202405290600,25.4,132.1,EWINIAR,35,台风,970,analysis
2401,艾云尼,202405290900,26.1,132.5,EWINIAR,35,台风,970,analysis
2401,艾云尼,202405291200,26.5,133.2,EWINIAR,33,台风,975,analysis
2401,艾云尼,202405291800,27.1,133.9,EWINIAR,30,强热带风暴,980,analysis
2401,艾云尼,202405292100,27.7,134.5,EWINIAR,30,强热带风暴,980,analysis
2401,艾云尼,202405300000,27.8,135.0,EWINIAR,28,强热带风暴,982,analysis
2401,艾云尼,202405301200,29.8,136.7,EWINIAR,20,热带风暴,990,forecast
